Type,Store ID,Name,Address,Opening Hour,Zip Code,City,Canton
M-Migros,90320,Aachtal,"Schrofenstrasse 19, 8580 Amriswil",,8580,Amriswil,Zürich
M-Migros,93780,Aadorf,"Bahnhofstrasse 2, 8355 Aadorf",,8355,Aadorf,Zürich
MM-Migros,34213,Aarau - Igelweid,"Igelweid 18, 5000 Aarau",,5000,Aarau,Aargau
M-Migros,33823,Aarau Bahnhof,"Bahnhofplatz 3h, 5000 Aarau",,5000,Aarau,Aargau
MM-Migros,90491,Abtwil - Säntispark,"Wiesenbachstrasse 7, 9030 Abtwil SG",,9030,Abtwil,Zürich
M-Migros,73340,Adligenswil LU,"Obgardirain 1, 6043 Adligenswil",,6043,Adligenswil,Luzern
MM-Migros,150062,Adliswil,"Albisstrasse 10, 8134 Adliswil",,8134,Adliswil,Zürich
MM-Migros,24600,Aesch,"Hauptstrasse 95, 4147 Aesch",,4147,Aesch,Basel-Landschaft
MM-Migros,150079,Affoltern a. A.,"Oberdorfstrasse 4, 8910 Affoltern am Albis",,8910,Affoltern,Zürich
MM-Migros,84360,Agy,"route d'Agy 2, 1763 Granges-Paccot",,1763,Granges,Fribourg
MMM-Migros,65100,Aigle - Chablais Centre,"Ch. Sous-le-Grand Pré 4, 1860 Aigle",,1860,Aigle,Vaud
M-Migros,63665,Aigle gare,"Place de la gare 5, 1860 Aigle",,1860,Aigle,Vaud
MMM-Migros,24720,Allschwil - Paradies,"Spitzwaldstrasse 215, 4123 Allschwil",,4123,Allschwil,Basel-Landschaft
M-Migros,23220,Allschwil - Ziegelei,"Baslerstrasse 191, 4123 Allschwil",,4123,Allschwil,Basel-Landschaft
Migros-Partner,29530,Allschwil-Lindenplatz,"Lindenplatz 1, 4123 Allschwil",,4123,Allschwil,Basel-Landschaft
M-Migros,73990,Altdorf,"Gitschenstrasse 14, 6460 Altdorf",,6460,Altdorf,Uri
MM-Migros,90415,Altstätten SG,"Stossstrasse 2, 9450 Altstätten SG",,9450,Altstätten,Zürich
MM-Migros,90420,Amriswil,"Rütistrasse 10a, 8580 Amriswil",,8580,Amriswil,Zürich
M-Migros,93790,Andelfingen,"Weinlandstrasse 4, 8451 Kleinandelfingen",,8451,Kleinandelfingen,Zürich
MM-Migros,90422,Appenzell,"Unteres Ziel, 9050 Appenzell",,9050,Appenzell,Zürich
M-Migros,123780,Arbedo Castione,"Via Corogna, 6532 Castione",,6532,Castione,Ticino
MM-Migros,90421,Arbon,"St. Gallerstrasse 6, 9320 Arbon",,9320,Arbon,Zürich
MM-Migros,24630,Arlesheim,"Postplatz 7, 4144 Arlesheim",,4144,Arlesheim,Basel-Landschaft
M-Migros,123750,Ascona,"Via Muraccio 2, 6612 Ascona",,6612,Ascona,Ticino
M-Migros,90323,Au SG,"Nollenhornstrasse 9, 9434 Au SG",,9434,Au,Zürich
Migros-Partner,63102,Aubonne,"des Fossés-Dessous, 1170 Aubonne",,1170,Aubonne,Vaud
M-Migros,83810,Avenches,"Route de Pré-Vert 5, 1580 Avenches",,1580,Avenches,Vaud
MMM-Migros,84710,Avry Centre,"Route de Matran 9, 1754 Avry-sur-Matran",,1754,Avry,Fribourg
M-Migros,73850,Baar,"Bahnhofstrasse 5, 6340 Baar",,6340,Baar,Luzern
Migros-Partner,90728,Bad Ragaz,"Bahnhofstrasse 2, 7310 Bad Ragaz",,7310,Bad,Graubünden
MM-Migros,34393,Bad Zurzach,"Promenadenstrasse 10, 5330 Bad Zurzach",,5330,Bad,Aargau
MM-Migros,34233,Baden - City,"Bahnhofstrasse 40/42, 5400 Baden",,5400,Baden,Aargau
M-Migros,33723,Balsthal,"Goldgasse 13, 4710 Balsthal",,4710,Balsthal,Solothurn
M-Migros,23170,Basel - Allschwiler,"Allschwilerstrasse 31, 4055 Basel",,4055,Basel,Basel-Stadt
M-Migros,23900,Basel - Bahnhof SBB,"Centralbahnstrasse 10, 4051 Basel",,4051,Basel,Basel-Stadt
Migros-Partner,29560,Basel - Birsigstrasse,"Birsigstrasse 105, 4054 Basel",,4054,Basel,Basel-Stadt
MM-Migros,24560,Basel - Burgfelder,"Burgfelderstrasse 11, 4055 Basel",,4055,Basel,Basel-Stadt
MMM-Migros,24240,Basel - Claramarkt,"Untere Rebgasse 11, 4058 Basel",,4058,Basel,Basel-Stadt
MM-Migros,24280,Basel - Drachen-Center,"Aeschenvorstadt 24, 4051 Basel",,4051,Basel,Basel-Stadt
Migros Fachmarkt,23200,Basel - Dreispitz MParc,"Münchensteinerstrasse 200, 4053 Basel",,4053,Basel,Basel-Stadt
MM-Migros,23840,Basel - Efringer,"Efringerstrasse 32, 4057 Basel",,4057,Basel,Basel-Stadt
M-Migros,23880,Basel - Eglisee,"Riehenstrasse 315, 4058 Basel",,4058,Basel,Basel-Stadt
MM-Migros,24520,Basel - Gundelitor,"Güterstrasse 180, 4053 Basel",,4053,Basel,Basel-Stadt
M-Migros,23870,Basel - Hardstrasse,"Hardstrasse 105, 4052 Basel",,4052,Basel,Basel-Stadt
Migros-Partner,29600,Basel - Inselstrasse,"Inselstrasse 63, 4057 Basel",,4057,Basel,Basel-Stadt
M-Migros,23890,Basel - Juniors Market,"Grenzacherstrasse 62/64, 4058 Basel",,4058,Basel,Basel-Stadt
Migros-Partner,29520,Basel - Lachenstrasse,"Lachenstrasse 1, 4056 Basel",,4056,Basel,Basel-Stadt
M-Migros,23820,Basel - Märtplatz,"Eisengasse 12, 4051 Basel",,4051,Basel,Basel-Stadt
M-Migros,23720,Basel - Mülhauser,"Mülhauserstrasse 70-72, 4056 Basel",,4056,Basel,Basel-Stadt
M-Migros,23670,Basel - Neuweiler,"Neuweilerplatz 7, 4054 Basel",,4054,Basel,Basel-Stadt
M-Migros,23160,Basel - Schützenmatt,"Schützenmattstrasse 27, 4051 Basel",,4051,Basel,Basel-Stadt
M-Migros,23910,Basel - Stücki,"Hochbergerstrasse 70, 4057 Basel",,4057,Basel,Basel-Stadt
Migros-Partner,29510,Basel - Wanderstrasse,"Wanderstrasse 121, 4054 Basel",,4054,Basel,Basel-Stadt
Migros-Partner,29610,Basel - Wasgenring,"Blotzheimerstrasse 61, 4055 Basel",,4055,Basel,Basel-Stadt
Migros-Partner,29500,Basel - Zürcherstrasse,"Zürcherstrasse 160, 4052 Basel",,4052,Basel,Basel-Stadt
MM-Migros,150164,Bassersdorf,"Baltenswilerstrasse 5a, 8303 Bassersdorf",,8303,Bassersdorf,Zürich
M-Migros,93300,Bauma,"Heinrich - Gujerstrasse 10, 8494 Bauma",,8494,Bauma,Zürich
Migros-Partner,63142,Bavois,"Autoroute A1, Restoroute de Bavois, 1372 Bavois",,1372,Bavois,Vaud
M-Migros,90380,Bazenheid,"Wilerstrasse 17, 9602 Bazenheid",,9602,Bazenheid,St. Gallen
M-Migros,83670,Beauregard,"Chemin de Béthléem 7, 1700 Fribourg",,1700,Fribourg,Fribourg
M-Migros,83850,Belfaux,"route de Lossy 16b, 1782 Belfaux",,1782,Belfaux,Fribourg
MM-Migros,124210,Bellinzona - Piazza del Sole,"Piazza Rinaldo Simen 8, 6500 Bellinzona",,6500,Bellinzona,Ticino
MM-Migros,34540,Belp,"Steinbachstrasse 28, 3123 Belp",,3123,Belp,Bern
M-Migros,33893,Berikon - Mutschellen,"Bellikerstrasse 13, 8965 Berikon",,8965,Berikon,Zürich
M-Migros,93700,Beringen,"Schaffhauserstrasse 72, 8222 Beringen",,8222,Beringen,Zürich
MM-Migros,34450,Bern - Bachmätteli,"Bottigenstrasse 7, 3018 Bern",,3018,Bern,Bern
MM-Migros,34530,Bern - Bahnhof,"Bahnhofplatz 10, 3011 Bern",,3011,Bern,Bern
MM-Migros,34210,Bern - Bethlehem,"Riedbachstrasse 10, 3027 Bern",,3027,Bern,Bern
M-Migros,33630,Bern - Breitenrain,"Breitenrainstrasse 11, 3013 Bern",,3013,Bern,Bern
MM-Migros,34440,Bern - Bubenberg,"Bubenbergplatz 8, 3011 Bern",,3011,Bern,Bern
M-Migros,33115,Bern - Christoffel,"Christoffelunterführung, 3011 Bern",,3011,Bern,Bern
M-Migros,33140,Bern - Egghölzli,"Egghölzlistrasse 1 / 1a, 3006 Bern",,3006,Bern,Bern
M-Migros,33640,Bern - Eigerplatz,"Seftigenstrasse 1, 3007 Bern",,3007,Bern,Bern
MM-Migros,34220,Bern - Freudenberg,"Giacomettistrasse 15, 3006 Bern",,3006,Bern,Bern
M-Migros,33220,Bern - Kirchenfeld,"Thunstrasse 18, 3005 Bern",,3005,Bern,Bern
M-Migros,33121,Bern - Lorraine,"Dammweg 9, 3013 Bern",,3013,Bern,Bern
MMM-Migros,34710,Bern - Marktgasse,"Marktgasse 46, 3011 Bern",,3011,Bern,Bern
M-Migros,33810,Bern - Welle 7,"Schanzenstrasse 5, 3000 Bern",,3000,Bern,Bern
MM-Migros,34320,Bern - Westside,"Gilberte-de-Courgenay-Platz 4, 3027 Bern",,3027,Bern,Bern
MM-Migros,34230,Bern - Winkelried,"Wankdorffeldstrasse 71, 3014 Bern",,3014,Bern,Bern
MM-Migros,34360,Bern - Zähringer,"Zähringerstrasse 43, 3012 Bern",,3012,Bern,Bern
M-Migros,33390,Bern Burgernziel,"Thunstrasse 110, 3006 Bern",,3006,Bern,Bern
M-Migros,33820,Bern Westflügel,"Bethlehemstrasse 40, 3027 Bern",,3027,Bern,Bern
M-Migros,63640,Bex,"Rue Centrale 43-45, 1880 Bex",,1880,Bex,Vaud
M-Migros,123620,Biasca,"Via Generale Guisan 26, 6710 Biasca",,6710,Biasca,Ticino
M-Migros,33623,Biberist,"Hauptstrasse 21, 4562 Biberist",,4562,Biberist,Solothurn
MM-Migros,34480,Biel - Bielerhof,"Bahnhofstrasse 15, 2502 Biel/Bienne",,2502,Biel,Bern
M-Migros,33290,Biel - Bözingen,"Schlösslistrasse 7, 2504 Biel/Bienne",,2504,Biel,Bern
MM-Migros,34390,Biel - Madretsch,"Brüggstrasse 5, 2503 Biel/Bienne",,2503,Biel,Bern
MM-Migros,34260,Biel - Neumarkt,"Kanalgasse 36-38, 2502 Biel/Bienne",,2502,Biel,Bern
M-Migros,33670,Biel Stadion,"Sportallee 20, 2504 Biel",,2504,Biel,Bern
MM-Migros,23740,Binningen - Gorenmatt,"Gorenmattstrasse 17, 4102 Binningen",,4102,Binningen,Basel-Stadt
M-Migros,24540,Binningen - Zentrum,"Hauptstrasse 71, 4102 Binningen",,4102,Binningen,Basel-Stadt
M-Migros,150189,Birmensdorf,"Zürcherstrasse 15, 8903 Birmensdorf ZH",,8903,Birmensdorf,Zürich
MM-Migros,24440,Birsfelden,"Chrischonastrasse 2, 4127 Birsfelden",,4127,Birsfelden,Basel-Landschaft
M-Migros,90363,Bischofszell,"Steigstrasse 5, 9220 Bischofszell",,9220,Bischofszell,Zürich
Migros-Partner,137290,Bitsch,"Furkastrasse 88, 3982 Bitsch",,3982,Bitsch,Valais
Migros-Partner,63110,Bière,"Le Centre, 1145 Bière",,1145,Bière,Vaud
M-Migros,63730,Blonay,"Route du Village 37, 1807 Blonay",,1807,Blonay,Vaud
M-Migros,83820,Boudry,"Avenue du Collège 37, 2017 Boudry",,2017,Boudry,Neuchâtel
MM-Migros,24500,Breitenbach - Wydehof,"Laufenstrasse 4, 4226 Breitenbach",,4226,Breitenbach,Basel-Landschaft
MM-Migros,34263,Bremgarten AG,"Zufikerstrasse 2, 5620 Bremgarten AG",,5620,Bremgarten,Aargau
M-Migros,33750,Bremgarten Kalchacker,"Kalchackerstrasse 9, 3047 Bremgarten b. Bern",,3047,Bremgarten,Bern
M-Migros,33780,Brienz,"Hauptstrasse 51, 3855 Brienz BE",,3855,Brienz,Bern
MM-Migros,134540,Brig,"Belalpstrasse 1, 3900 Brig",,3900,Brig,Valais
M-Migros,90392,Bronschhofen,"Amp-Strasse 2, 9552 Bronschhofen",,9552,Bronschhofen,Thurgau
MMM-Migros,34843,Brugg - Neumarkt,"Neumarkt 1, 5200 Brugg AG",,5200,Brugg,Aargau
M-Migros,73750,Brunnen - Bahnhofsmärcht,"Bahnhofplatz 19, 6440 Brunnen",,6440,Brunnen,Solothurn
MMM-Migros,34730,Brügg - Centre Brügg,"Erlenstrasse 40, 2555 Brügg b. Biel",,2555,Brügg,Bern
MM-Migros,23790,Bubendorf,"Grüngenstrasse 1, 4416 Bubendorf",,4416,Bubendorf,Basel-Landschaft
M-Migros,73200,Buchrain - Tschannhof,"Unterdorfstrasse, 6033 Buchrain",,6033,Buchrain,Aargau
MMM-Migros,34823,Buchs AG - Wynecenter,"Bresteneggstrasse 9b, 5033 Buchs AG",,5033,Buchs,Aargau
MM-Migros,90424,Buchs SG,"Churerstrasse 10, 9470 Buchs SG",,9470,Buchs,Zürich
M-Migros,73220,Buochs,"Ennetbürgerstrasse 45, 6374 Buochs",,6374,Buochs,Nidwalden
MM-Migros,34200,Burgdorf - Neumarkt,"Lyssachstrasse 27, 3400 Burgdorf",,3400,Burgdorf,Bern
MM-Migros,64330,Bussigny,"Rue de la Gare 2, 1030 Bussigny-Lausanne",,1030,Bussigny,Vaud
MM-Migros,150059,Bülach - Sonnenhof,"Bahnhofstrasse 28, 8180 Bülach",,8180,Bülach,Zürich
MMM-Migros,150203,Bülach Süd,"Feldstrasse 85, 8180 Bülach",,8180,Bülach,Zürich
MM-Migros,74310,Bürglen/Altdorf - Urnertor,"Gotthardstrasse 67, 6460 Altdorf UR",,6460,Altdorf,Uri
M-Migros,90373,Bütschwil,"Landstrasse 41, 9606 Bütschwil",,9606,Bütschwil,St. Gallen
M-Migros,123840,Campagna Adorna,"Via Campagna Adorna, 6850 Mendrisio",,6850,Mendrisio,Ticino
M-Migros,44090,Carouge,"Rue du Marché 16, 1227 Carouge GE",,1227,Carouge,Genève
M-Migros,44010,Carouge - Acacias,"Rue Gustave-Revilliod 4, 1227 Carouge GE",,1227,Carouge,Genève
MM-Migros,44950,Carouge - Vibert,"Avenue Vibert 29, 1227 Carouge GE",,1227,Carouge,Genève
M-Migros,123880,Caslano,"Via Stazione 80, 6987 Caslano",,6987,Caslano,Ticino
MM-Migros,124290,Cassarate,"Viale Castagnola 21, 6900 Lugano",,6900,Lugano,Ticino
MM-Migros,84340,Centre la Tour,"Route de Pra-Riond 2, 1635 La Tour-de-Trême",,1635,La,Fribourg
MMM-Migros,124300,Centro Agno,"Via Lugano 21, 6982 Agno",,6982,Agno,Ticino
MMM-Migros,125020,Centro S.Antonino,"Via Serrai 5, 6592 S. Antonino",,6592,S,Ticino
MM-Migros,83730,Cernier,"Rue Comble-Emine 5, 2053 Cernier",,2053,Cernier,Neuchâtel
M-Migros,73740,Cham - Neudorf,"Zugerstrasse 15/17, 6330 Cham",,6330,Cham,Luzern
Migros-Partner,137235,Chamoson,"Chemin Neuf 2, 1955 Chamoson",,1955,Chamoson,Valais
M-Migros,83950,Charrière,"Rue de la Charrière 71, 2300 La Chaux-de-Fonds",,2300,La,Neuchâtel
M-Migros,64320,Chavannes - Renens,"Avenue du Tir-Fédéral 12, 1022 Chavannes-Renens",,1022,Chavannes,Vaud
M-Migros,63675,Chavannes les Cèdres,"Avenue de la Gare 84, 1022 Chavannes-près-Renens",,1022,Chavannes,Vaud
M-Migros,123640,Chiasso - Boffalora,"Via Bernardino Luini, 6830 Chiasso",,6830,Chiasso,Ticino
MM-Migros,90425,Chur - Calandapark,"Pargherastrasse 1-3, 7000 Chur",,7000,Chur,Graubünden
MM-Migros,90427,Chur - Gäuggeli,"Gäuggelistrasse 28, 7000 Chur",,7000,Chur,Graubünden
M-Migros,90334,Chur - Ringstrasse,"Ringstrasse 91, 7000 Chur",,7000,Chur,Graubünden
M-Migros,90389,Chur Masans,"Masanserstrasse 240, 7000 Chur",,7000,Chur,Graubünden
M-Migros,90384,Churwalden,"Hauptstrasse 146, 7075 Churwalden",,7075,Churwalden,Graubünden
MM-Migros,84330,Châtel-St-Denis,"Rte de Montreux 56, 1618 Châtel-St-Denis",,1618,Châtel,Fribourg
MM-Migros,44020,Chêne-Vert,"Place de la Gare 2, 1225 Chêne-Bourg",,1225,Chêne,Genève
M-Migros,63991,Clarens - Centre,"Rue du Léman 9, 1815 Clarens",,1815,Clarens,Vaud
MM-Migros,134520,Collombey,"Entre-deux-Fossaux, 1868 Collombey",,1868,Collombey,Valais
MM-Migros,44880,Collonge-Bellerive - Vésenaz,"Route de Thonon 55, 1245 Collonge-Bellerive",,1245,Collonge,Genève
M-Migros,83770,Colombier,"Avenue de la Gare 16, 2013 Colombier NE",,2013,Colombier,Neuchâtel
MMM-Migros,136411,Conthey - Forum des Alpes,"Route des Rottes 15, 1964 Conthey",,1964,Conthey,Valais
M-Migros,83780,Cormanon,"Rue du centre 4, 1752 Villars-sur-Glâne",,1752,Villars,Fribourg
M-Migros,83890,Cortaillod,"Chemin de Ronzi 2, 2016 Cortaillod",,2016,Cortaillod,Neuchâtel
M-Migros,63680,Cossonay,"Route des Chavannes 1, 1304 Cossonay-Ville",,1304,Cossonay,Vaud
M-Migros,83630,Courtepin,"Route de l'Industrie 25, 1784 Courtepin",,1784,Courtepin,Fribourg
Migros-Partner,137204,Crans,"Rue du Grand-Place 7, 3964 Crans-Montana",,3964,Crans,Valais
M-Migros,133920,Crans-Montana,"Route du Rawyl 32, 3963 Crans-Montana",,3963,Crans,Valais
MMM-Migros,65000,Crissier,"Chemin du Closalet 7, 1023 Crissier",,1023,Crissier,Vaud
M-Migros,123630,Crocifisso di Savosa,"Via San Gottardo 150, 6942 Savosa",,6942,Savosa,Ticino
M-Migros,63720,Cugy,"Route de Bottens 1, 1053 Cugy VD",,1053,Cugy,Vaud
M-Migros,73960,Dagmersellen,"Baselstrasse 7, 6252 Dagmersellen",,6252,Dagmersellen,Luzern
Daily,150362,Daily Zürich-Zollstrasse,"Zollstrasse 6, 8005 Zürich",,8005,Zürich,Zürich
MM-Migros,90432,Davos Symondpark,"Promenade 105, 7270 Davos Platz",,7270,Davos,Graubünden
M-Migros,90333,Davos-Dorf,"Promenade 146, 7260 Davos Dorf",,7260,Davos,Graubünden
M-Migros,90314,Degersheim,"Hauptstrasse 81, 9113 Degersheim",,9113,Degersheim,Zürich
MM-Migros,24320,Delémont,"Rue de la Maltière 12, 2800 Delémont",,2800,Delémont,Jura
M-Migros,33773,Derendingen,"Hauptstrasse 22, 4552 Derendingen",,4552,Derendingen,Solothurn
MM-Migros,150149,Dielsdorf,"Ruchwiesenstrasse 2, 8157 Dielsdorf",,8157,Dielsdorf,Zürich
M-Migros,90327,Diepoldsau,"Hintere Kirchstrasse 1, 9444 Diepoldsau",,9444,Diepoldsau,Zürich
M-Migros,93620,Diessenhofen,"Bahnhofstrasse 15, 8253 Diessenhofen",,8253,Diessenhofen,Zürich
M-Migros,150130,Dietikon - Limmatfeld,"Überlandstrasse 22, 8953 Dietikon",,8953,Dietikon,Zürich
MM-Migros,150065,Dietikon - Löwenzentrum,"Löwenstrasse 28, 8953 Dietikon",,8953,Dietikon,Zürich
MM-Migros,150307,Dietikon Silbern,"Riedstrasse 3, 8953 Dietikon",,8953,Dietikon,Zürich
M-Migros,150169,Dietlikon - Brunnenwiese,"Pappelstrasse 2, 8305 Dietlikon",Geschlossen,8305,Dietlikon,Zürich
M-Migros,90381,Domat-Ems,"Via La Val 1, 7013 Domat/Ems",,7013,Domat,Graubünden
M-Migros,83940,Domdidier,"Grand-Rhain 54, 1564 Domdidier",,1564,Domdidier,Fribourg
M-Migros,23620,Dornach,"Wollmattweg 7, 4143 Dornach",,4143,Dornach,Basel-Landschaft
M-Migros,93870,Dättnau,"Ziegeleiplatz 2, 8406 Dättnau",,8406,Dättnau,Zürich
M-Migros,33743,Döttingen,"Hauptstrasse 17, 5312 Döttingen",,5312,Döttingen,Aargau
MM-Migros,150054,Dübendorf,"Unterdorfstrasse 7, 8600 Dübendorf",,8600,Dübendorf,Zürich
Migros Fachmarkt,150148,Dübendorf - Hochbord Nord,"Neugutstrasse 83, 8600 Dübendorf",,8600,Dübendorf,Zürich
M-Migros,150082,Dübendorf Stettbach,"Am Stadtrand 5, 8600 Dübendorf",,8600,Dübendorf,Zürich
MM-Migros,84320,Düdingen,"Käsereistrasse 3, 3186 Düdingen",,3186,Düdingen,Bern
MM-Migros,74300,Ebikon - Ladengasse,"Zentralstrasse 16, 6030 Ebikon",,6030,Ebikon,Aargau
MMM-Migros,74400,Ebikon - Mall of Switzerland,"Ebisquare-Strasse 1, 6030 Ebikon",,6030,Ebikon,Aargau
M-Migros,150170,Ebmatingen,"Zürichstrasse 108, 8123 Ebmatingen",,8123,Ebmatingen,Zürich
M-Migros,90368,Ebnat-Kappel,"Kapplerstrasse 16, 9642 Ebnat-Kappel",,9642,Ebnat,St. Gallen
MM-Migros,63620,Echallens,"Rue de Praz-Palud 2, 1040 Echallens",,1040,Echallens,Vaud
MM-Migros,63690,Ecublens - Croset,"chemin du Croset 7, 1024 Ecublens",,1024,Ecublens,Vaud
M-Migros,63910,Ecublens - EPFL,"Louis Favre 8A, 1024 Ecublens VD",,1024,Ecublens,Vaud
MM-Migros,94290,Effretikon - Effi-Märt,"Märtplatz 5, 8307 Effretikon",,8307,Effretikon,Zürich
MM-Migros,34413,Egerkingen - Gäupark,"Hausimollstrasse 1, 4622 Egerkingen",,4622,Egerkingen,Solothurn
MM-Migros,150074,Egg,"Gewerbestrasse 2-10, 8132 Egg",,8132,Egg,Zürich
M-Migros,150078,Eglisau-Nord,"Bauelenzelgstrasse 16, 8193 Eglisau",,8193,Eglisau,Zürich
M-Migros,73870,Egolzwil - Schötz,"Grossmatt 1, 6243 Egolzwil",,6243,Egolzwil,Luzern
MM-Migros,150068,Einsiedeln,"Eisenbahnstrasse 2, 8840 Einsiedeln",,8840,Einsiedeln,Schwyz
M-Migros,93840,Elgg,"St. Gallerstrasse 16, 8353 Elgg",,8353,Elgg,Zürich
MM-Migros,94320,Embrach,"Bülacherstrasse 17, 8424 Embrach",,8424,Embrach,Zürich
M-Migros,73680,Emmen - Kapf,"Kapfstrasse 3, 6020 Emmenbrücke",,6020,Emmenbrücke,Aargau
MM-Migros,74390,Emmen - Wohncenter,"Seetalstrasse 50, 6020 Emmenbrücke",,6020,Emmenbrücke,Aargau
MM-Migros,74350,Emmenbrücke - Sonnenplatz,"Sonnenplatz 1, 6020 Emmenbrücke",,6020,Emmenbrücke,Aargau
M-Migros,73890,Engelberg,"Klosterstrasse 5, 6390 Engelberg",,6390,Engelberg,Luzern
MM-Migros,63940,Epalinges,"Place de la Croix-Blanche 11, 1066 Epalinges",,1066,Epalinges,Vaud
Migros-Partner,137244,Erde,"Scex-Riond / CP 48, 1976 Erde",,1976,Erde,Valais
M-Migros,150185,Erlenbach - Erlibacher Märt,"Bahnhofstrasse 42, 8703 Erlenbach ZH",,8703,Erlenbach,Zürich
M-Migros,33123,Erlinsbach,"Zentrum Rössli, 5018 Erlinsbach AG",,5018,Erlinsbach,Aargau
M-Migros,73180,Erstfeld,"Gotthardstrasse 144, 6472 Erstfeld",,6472,Erstfeld,Uri
Migros-Partner,90725,Eschen,"Essanestrasse 42, 9492 Eschen",,9492,Eschen,Zürich
M-Migros,150160,Eschenbach,"Rickenstrasse 12, 8733 Eschenbach",,8733,Eschenbach,Zürich
MM-Migros,63630,Estavayer-le-Lac,"Route de la Chapelle 24, 1470 Estavayer-le-Lac",,1470,Estavayer,Fribourg
M-Migros,63900,Etoy,"Route Suisse 26, 1163 Etoy",,1163,Etoy,Vaud
MM-Migros,24610,Ettingen,"Therwilerstrasse 9, 4107 Ettingen",,4107,Ettingen,Basel-Landschaft
Migros-Partner,90718,FL - Balzers,"Landstrasse 20, 9496 Balzers",,9496,Balzers,Zürich
Migros-Partner,90724,FL - Ruggell,"Landstrasse 33, 9491 Ruggell",,9491,Ruggell,Zürich
M-Migros,33903,Fahrwangen,"Hintergasse 12, 5615 Fahrwangen",,5615,Fahrwangen,Aargau
M-Migros,123700,Faido,"Via Pian della Croce, 6760 Faido",,6760,Faido,Ticino
M-Migros,93800,Fehraltorf,"Grundstrasse 4, 8320 Fehraltorf",,8320,Fehraltorf,Zürich
M-Migros,136465,Fiesch,"Furkastrasse 46, 3984 Fiesch",,3984,Fiesch,Valais
M-Migros,33843,Fislisbach,"Badenerstrasse 7d, 5442 Fislisbach",,5442,Fislisbach,Aargau
M-Migros,84350,Flamatt,"Bernstrasse 36, 3175 Flamatt",,3175,Flamatt,Bern
MM-Migros,90431,Flawil,"Magdenauerstrasse 10, 9230 Flawil",,9230,Flawil,Zürich
MM-Migros,83700,Fleurier,"Grand-Rue 27, 2114 Fleurier",,2114,Fleurier,Neuchâtel
M-Migros,90325,Flums,"Lochrietstrasse 27, 8890 Flums",,8890,Flums,Zürich
M-Migros,93600,Frauenfeld - Multiplex,"Langfeldstrasse 53a, 8500 Frauenfeld",,8500,Frauenfeld,Zürich
MM-Migros,94330,Frauenfeld - Passage,"Bahnhofplatz 72, 8500 Frauenfeld",,8500,Frauenfeld,Zürich
M-Migros,93640,Frauenfeld - Zeughausstrasse,"Zürcherstrasse 227, 8500 Frauenfeld",,8500,Frauenfeld,Zürich
M-Migros,33753,Frick,"Hauptstrasse 44, 5070 Frick",,5070,Frick,Aargau
M-Migros,33370,Frutigen,"Kanderstegstrasse 31, 3714 Frutigen",,3714,Frutigen,Bern
M-Migros,133710,Fully,"Rue de Provence 4, 1926 Fully",,1926,Fully,Valais
M-Migros,150153,Fällanden,"Unterdorfstrasse 2, 8117 Fällanden",,8117,Fällanden,Zürich
MM-Migros,24480,Füllinsdorf - Schönthal,"Ergolzstrasse 2, 4414 Füllinsdorf",,4414,Füllinsdorf,Basel-Landschaft
M-Migros,83980,Gare Fribourg,"Rue Louis-d'Affry 2, 1701 Fribourg",,1701,Fribourg,Fribourg
M-Migros,83871,Gare de Bulle,"Place de la Gare, 1630 Bulle",,1630,Bulle,Fribourg
M-Migros,44340,Gd Saconnex - Le Pommier,"Rue Sonnex 20, 1218 Le Grand-Saconnex",,1218,Le,Genève
M-Migros,33393,Gebenstorf,"Wambisterstrasse, 5412 Gebenstorf",,5412,Gebenstorf,Aargau
MM-Migros,24460,Gelterkinden,"Badweg 2, 4460 Gelterkinden",,4460,Gelterkinden,Basel-Landschaft
MMM-Migros,44030,Genève - Balexert,"Avenue Louis-Casaï 27, 1211 Genève 28",,1211,Genève,Genève
MM-Migros,44110,Genève - Champel,"Avenue de Champel 61, 1206 Genève",Geschlossen,1206,Genève,Genève
MM-Migros,44140,Genève - Charmilles,"Promenade de l'Europe 11, 1203 Genève",,1203,Genève,Genève
M-Migros,44060,Genève - Cointrin Aéroport,"Route de l'Aéroport 25, 1215 Genève 15 Aéroport",,1215,Genève,Genève
M-Migros,44180,Genève - Cornavin Gare,"Place de Cornavin 3-7, 1201 Genève",,1201,Genève,Genève
MM-Migros,44250,Genève - Eaux-Vives,"Rue des Eaux-Vives 17-19, 1207 Genève",,1207,Genève,Genève
M-Migros,44290,Genève - Fusterie M-Express,"Place de la Fusterie 7, 1204 Genève",,1204,Genève,Genève
MM-Migros,44350,Genève - Jonction,"Boulevard Carl-Vogt 6, 1205 Genève",,1205,Genève,Genève
MM-Migros,44450,Genève - Les Cygnes,"Rue de Lausanne 18-20, 1201 Genève",,1201,Genève,Genève
MM-Migros,44430,Genève - Navigation,"Rue des Paquis 41, 1201 Genève",,1201,Genève,Genève
MM-Migros,44230,Genève - Plainpalais,"Rue de Carouge 64, 1205 Genève",,1205,Genève,Genève
MM-Migros,44730,Genève - Rieu,"Route de Florissant 86, 1206 Genève",,1206,Genève,Genève
M-Migros,44840,Genève - Tourelle,"Chemin de la Tourelle 2-4, 1209 Genève",,1209,Genève,Genève
M-Migros,44890,Genève - Vidollet,"Rue du Vidollet 5, 1202 Genève",,1202,Genève,Genève
MM-Migros,44900,Genève - Villereuse,"Rue de la Terrassière 29, 1207 Genève",,1207,Genève,Genève
M-Migros,33643,Gerlafingen,"Friedhofstrasse 1, 4563 Gerlafingen",,4563,Gerlafingen,Solothurn
M-Migros,123740,Giubiasco - Alle Bolle,"Via Bellinzona 33, 6512 Giubiasco",,6512,Giubiasco,Ticino
M-Migros,44300,Gland,"Rue de Mauverney 22, 1196 Gland",,1196,Gland,Vaud
MM-Migros,150064,Glarus - Zentrum Glärnisch,"Schweizerhofstrasse 6, 8750 Glarus",,8750,Glarus,Zürich
M-Migros,150056,Glattbrugg,"Wallisellerstrasse 8, 8152 Glattbrugg",,8152,Glattbrugg,Zürich
MMM-Migros,136401,Glis - Simplon,"Kantonsstrasse 58, 3902 Glis",,3902,Glis,Valais
M-Migros,90375,Goldach,"Ulrich-Rösch-Strasse 5, 9403 Goldach",,9403,Goldach,Zürich
M-Migros,73790,Goldau,"Parkstrasse 25, 6410 Goldau",,6410,Goldau,Schwyz
MM-Migros,90433,Gossau,"St. Gallerstrasse 115, 9200 Gossau SG",,9200,Gossau,Zürich
M-Migros,90313,Gossau - Stadtbühlpark,"Stadtbühlstrasse 12, 9200 Gossau SG",,9200,Gossau,Zürich
M-Migros,150182,Gossau ZH,"Im Zentrum 3, 8625 Gossau ZH",,8625,Gossau,Zürich
Migros-Partner,90736,Grabs,"Staatsstrasse 89, 9472 Grabs",,9472,Grabs,Zürich
M-Migros,44360,Gradelle,"Chemin de la Gradelle 10, 1224 Chêne-Bougeries",,1224,Chêne,Genève
M-Migros,123790,Grancia,"Via Cantonale 28, 6916 Grancia",,6916,Grancia,Ticino
MM-Migros,44550,Grand-Lancy - Palettes,"Av. des Communes-Réunies 52, 1212 Grand-Lancy",,1212,Grand,Genève
M-Migros,83760,Grande Béroche,"Rue de Combamare 21, 2025 Chez-Le-Bart",,2025,Chez,Neuchâtel
M-Migros,83860,Granges - Paccot,"Route d'Englisberg 15b, 1763 Granges-Paccot",,1763,Granges,Fribourg
M-Migros,150156,Greifensee,"Meierwis, 8606 Greifensee",,8606,Greifensee,Zürich
MM-Migros,34803,Grenchen,"Freiestrasse 10, 2540 Grenchen",,2540,Grenchen,Solothurn
MMM-Migros,84270,Gruyère-Centre,"Rue Château d'En-Bas 2, 1630 Bulle",,1630,Bulle,Fribourg
M-Migros,33953,Gränichen,"Lindenplatz 2, 5722 Gränichen",,5722,Gränichen,Aargau
MM-Migros,34490,Gstaad,"Untergstaadstrasse 3, 3780 Gstaad",,3780,Gstaad,Bern
M-Migros,33091,Gümligen,"Turbenweg 1, 3073 Gümligen",,3073,Gümligen,Bern
M-Migros,33360,Hasle Rüegsau,"Emmenau 3, 3415 Hasle-Rüegsau",,3415,Hasle,Bern
M-Migros,134250,Haute-Nendaz,"Lake Placid, rte des Ecluses 23, 1997 Haute-Nendaz",,1997,Haute,Valais
M-Migros,90317,Heiden,"Sonnentalstrasse 2, 9410 Heiden",,9410,Heiden,Zürich
M-Migros,33920,Heimberg,"Bernstrasse 223, 3627 Heimberg",,3627,Heimberg,Bern
MM-Migros,90436,Herisau,"Gartenstrasse 2, 9100 Herisau",,9100,Herisau,Zürich
M-Migros,90318,Herisau - Alpsteinstrasse,"Alpsteinstrasse 8b, 9100 Herisau",,9100,Herisau,Zürich
MM-Migros,34290,Herzogenbuchsee,"Bernstrasse 33, 3360 Herzogenbuchsee",,3360,Herzogenbuchsee,Bern
M-Migros,34520,Hilterfingen,"Staatsstrasse 16b, 3652 Hilterfingen",,3652,Hilterfingen,Bern
MM-Migros,34380,Hinterkappelen - Chappelemärit,"Kappelenring 2, 3032 Hinterkappelen",,3032,Hinterkappelen,Bern
MM-Migros,93650,Hinwil,"Bachtelstrasse 16, 8340 Hinwil",,8340,Hinwil,Zürich
M-Migros,93850,Hittnau,"Jakob Stutz-Strasse 75, 8335 Hittnau",,8335,Hittnau,Zürich
M-Migros,73880,Hitzkirch,"Richensee 2, 6285 Hitzkirch",,6285,Hitzkirch,Luzern
MM-Migros,74340,Hochdorf - Seetal-Center,"Hauptstrasse 5, 6280 Hochdorf",,6280,Hochdorf,Luzern
M-Migros,150181,Hombrechtikon,"Rütistrasse 16, 8634 Hombrechtikon",,8634,Hombrechtikon,Zürich
MM-Migros,150055,Horgen - Schinzenhof,"Alte Landstrasse 24, 8810 Horgen",,8810,Horgen,Zürich
M-Migros,90352,Horn,"Seestrasse 119, 9326 Horn",,9326,Horn,Zürich
M-Migros,73800,Horw,"Gemeindehausplatz 14+15, 6048 Horw",,6048,Horw,Lucerne
MM-Migros,34400,Huttwil,"Bernstrasse 6, 4950 Huttwil",,4950,Huttwil,Bern
MM-Migros,84210,Hôpital,"Rue de l'Hôpital 12, 2000 Neuchâtel",,2000,Neuchâtel,Neuchâtel
M-Migros,73940,Hünenberg Dorf,"Maihölzli 5, 6331 Hünenberg",,6331,Hünenberg,Luzern
M-Migros,33280,Hünibach,"Staatsstrasse 134, 3626 Hünibach",,3626,Hünibach,Bern
MMM-Migros,74370,Ibach-Schwyz - Mythen-Center,"Mythen-Centerstr. 18, 6438 Ibach",,6438,Ibach,Valais
MM-Migros,90467,Ilanz - Center Marcau,"Poststrasse 4, 7130 Ilanz",,7130,Ilanz,Graubünden
MM-Migros,34300,Interlaken,"Rugenparkstrasse 1, 3800 Interlaken",,3800,Interlaken,Bern
M-Migros,33270,Ipsach,"Dorfstrasse 1, 2563 Ipsach",,2563,Ipsach,Bern
MM-Migros,34510,Ittigen,"Talweg 6, 3063 Ittigen",,3063,Ittigen,Bern
M-Migros,150178,Jona - Stadttor,"Molkereistrasse 5, 8645 Jona",,8645,Jona,Zürich
Migros-Partner,150893,Kaltbrunn,"Uznacherstrasse 1, 8722 Kaltbrunn",,8722,Kaltbrunn,Zürich
M-Migros,83800,Kerzers,"Murtenstrasse 15, 3210 Kerzers",,3210,Kerzers,Fribourg
MM-Migros,33770,Kirchberg,"Solothurnstrasse 17a, 3422 Kirchberg BE",,3422,Kirchberg,Bern
M-Migros,90378,Kirchberg-Stelz,"Wilerstrasse 204, 9533 Kirchberg SG",,9533,Kirchberg,St. Gallen
MM-Migros,150067,Kloten,"Kirchgasse 5, 8302 Kloten",,8302,Kloten,Zürich
M-Migros,93860,Kollbrunn,"Tösstalstrasse 24, 8483 Kollbrunn",,8483,Kollbrunn,Zürich
MM-Migros,34190,Konolfingen,"Thunstrasse 17, 3510 Konolfingen",,3510,Konolfingen,Bern
M-Migros,90349,Kreuzlingen,"Hauptstrasse 63, 8280 Kreuzlingen",,8280,Kreuzlingen,Zürich
MM-Migros,90440,Kreuzlingen - Seepark,"Bleichestrasse 15, 8280 Kreuzlingen",,8280,Kreuzlingen,Zürich
MM-Migros,74360,Kriens - Hofmatt,"Luzernerstrasse 30, 6010 Kriens",,6010,Kriens,Aargau
M-Migros,73980,Kriens - Mattenhof,"Am Mattenhof 2, 6010 Kriens",,6010,Kriens,Aargau
MM-Migros,34240,Köniz - Bläuacker,"Bläuacker 10, 3098 Köniz",,3098,Köniz,Bern
M-Migros,150157,Küsnacht ZH,"Zürichstrasse 149, 8700 Küsnacht ZH",,8700,Küsnacht,Zürich
MM-Migros,73720,Küssnacht - Rigimärt,"Siegwartstrasse 11, 6403 Küssnacht am Rigi",,6403,Küssnacht,Luzern
M-Migros,83750,La Neuveville,"Chemin des Vergers 20, 2520 La Neuveville",,2520,La,Bern
M-Migros,83840,La Roche,"Haut de Scherwil 2, 1634 La Roche",,1634,La,Fribourg
M-Migros,63950,La Tour-de-Peilz,"Place des Anciens-Fossés 10B, 1814 La Tour-de-Peilz",,1814,La,Vaud
M-Migros,83970,La Tour-de-Trême Tivoli,"Rue de l'Ancien Comté 17b, 1635 La Tour-de-Trême",,1635,La,Fribourg
M-Migros,63850,La Vallée,"Rue de la Gare 7, 1347 Le Sentier",,1347,Le,Vaud
MM-Migros,150073,Lachen,"Feldstrasse 6, 8853 Lachen",,8853,Lachen,Schwyz
MM-Migros,44530,Lancy-Onex,"Rue des Bossons 78-80, 1213 Petit-Lancy",,1213,Petit,Genève
MM-Migros,90428,Landquart,"Bahnhofstrasse 54, 7302 Landquart",,7302,Landquart,Graubünden
MMM-Migros,34813,Langendorf - Ladedorf,"Fabrikstrasse 6, 4513 Langendorf",,4513,Langendorf,Solothurn
MM-Migros,34310,Langenthal,"Wiesenstrasse 28, 4900 Langenthal",,4900,Langenthal,Bern
M-Migros,150168,Langnau a. A.,"Hintere Grundstrasse 2, 8135 Langnau am Albis",,8135,Langnau,Zürich
MM-Migros,34460,Langnau i.E.,"Schlossstrasse 1a, 3550 Langnau i. E.",,3550,Langnau,Bern
MM-Migros,23230,Laufen - Birscenter,"Bahnhofstrasse 4, 4242 Laufen",,4242,Laufen,Basel-Landschaft
M-Migros,63880,Lausanne - Bellevaux,"Route Aloys-Fauquez 97, 1018 Lausanne",,1018,Lausanne,Vaud
MM-Migros,64570,Lausanne - Bergières,"Avenue des Bergières 50, 1004 Lausanne",,1004,Lausanne,Vaud
MM-Migros,64520,Lausanne - Chailly,"Avenue de la Vallonnette 2, 1012 Lausanne",,1012,Lausanne,Vaud
MM-Migros,64580,Lausanne - Closelet,"Avenue d'Ouchy 11, 1006 Lausanne",,1006,Lausanne,Vaud
M-Migros,63660,Lausanne - Cour,"Avenue de Cour 36, 1007 Lausanne",,1007,Lausanne,Vaud
M-Migros,63895,Lausanne - Flon Europe,"Place de l'Europe 8, 1003 Lausanne",,1003,Lausanne,Vaud
M-Migros,63865,Lausanne - La Borde,"Rue de la Borde 3B, 1018 Lausanne",,1018,Lausanne,Vaud
M-Migros,63710,Lausanne - La Harpe,"Avenue de la Harpe 17, 1007 Lausanne",,1007,Lausanne,Vaud
M-Migros,64340,Lausanne - La Sallaz,"Route de Berne 1, 1010 Lausanne",,1010,Lausanne,Vaud
MMM-Migros,64970,Lausanne - Métropole,"Rue des Terreaux 25, 1003 Lausanne",,1003,Lausanne,Vaud
M-Migros,63970,Lausanne - Saint-Paul,"Avenue d'Echallens 63, 1004 Lausanne",,1004,Lausanne,Vaud
M-Migros,63770,Lausanne - Sévelin,"Av. de Sévelin 2 Ab, 1007 Lausanne",,1007,Lausanne,Vaud
M-Migros,133760,Le Bouveret,"En Bellossy, 1897 Bouveret",,1897,Bouveret,Valais
Migros-Partner,137225,Le Châble,"Route de Verbier 15, 1934 Le Châble VS",,1934,Le,Valais
M-Migros,83880,Le Landeron,"Route de Neuchâtel 40, 2525 Le Landeron",,2525,Le,Neuchâtel
M-Migros,44370,Le Lignon,"Place du Lignon 29 A, 1219 Le Lignon",,1219,Le,Genève
MM-Migros,84280,Le Locle,"Rue Bournot 35, 2400 Le Locle",Geschlossen,2400,Le,Neuchâtel
MM-Migros,34243,Lenzburg,"Bachstrasse 15, 5600 Lenzburg",,5600,Lenzburg,Aargau
M-Migros,83930,Les Cadolles,"Rue du Plan 28, 2000 Neuchâtel",,2000,Neuchâtel,Neuchâtel
MM-Migros,84310,Les Eplatures,"Charles Naine 44, 2300 La Chaux-de-Fonds",,2300,La,Neuchâtel
Migros-Partner,137220,Leuk,"Konsumgenossenschaft, 3953 Leuk Stadt",,3953,Leuk,Valais
M-Migros,134230,Leukerbad,"Kantonstrasse, 3954 Leukerbad",,3954,Leukerbad,Valais
Migros-Partner,137285,Leytron,"Giro Union, 1912 Leytron",,1912,Leytron,Valais
MM-Migros,23080,Liestal,"Kasernenstrasse 8, 4410 Liestal",,4410,Liestal,Basel-Landschaft
MM-Migros,124240,Locarno,"Via Stefano Franscini 31, 6600 Locarno",,6600,Locarno,Ticino
M-Migros,123730,Locarno - Solduno,"Via A. Franzoni 43, 6604 Locarno",,6604,Locarno,Ticino
Migros Fachmarkt,126580,Losone,"Via dei Pioppi 2A, 6616 Losone",,6616,Losone,Ticino
M-Migros,33233,Lostorf,"Hauptstrasse 20, 4654 Lostorf",,4654,Lostorf,Solothurn
MMM-Migros,125010,Lugano - Città,"Via Pretorio 15, 6900 Lugano",,6900,Lugano,Ticino
M-Migros,123710,Lugano - Molino Nuovo,"Via Monte Boglia 5, 6900 Lugano",,6900,Lugano,Ticino
M-Migros,123660,Lugano - Paradiso,"Via Geretta, 6902 Lugano",,6902,Lugano,Ticino
M-Migros,33813,Lupfig,"Flachsacherstrasse 17, 5242 Lupfig",,5242,Lupfig,Aargau
M-Migros,63835,Lutry – La Conversion,"Route de la Conversion 314, 1093 La Conversion",,1093,La,Vaud
M-Migros,73840,Luzern - Allmend,"Zihlmattweg 46, 6005 Luzern",,6005,Luzern,Aargau
M-Migros,73230,Luzern - Bahnhof,"Zentralstrasse 1, 6003 Luzern",,6003,Luzern,Aargau
Daily,73150,Luzern - Bahnhof Daily,"Zentralstrasse 7, 6003 Luzern",,6003,Luzern,Aargau
M-Migros,73770,Luzern - Bruchstrasse,"Bruchstrasse 18, 6003 Luzern",,6003,Luzern,Aargau
M-Migros,73670,Luzern - Brüelstrasse,"Kreuzbuchstrasse 53, 6006 Luzern",,6006,Luzern,Aargau
M-Migros,73930,Luzern - Grossmatte,"Luzernerstrasse 143, 6014 Luzern",,6014,Luzern,Aargau
M-Migros,73140,Luzern - Schlossberg,"Friedentalstrasse 6, 6004 Luzern",,6004,Luzern,Aargau
MM-Migros,74380,Luzern - Schweizerhof,"Hertensteinstrasse 9, 6004 Luzern",,6004,Luzern,Aargau
MM-Migros,74260,Luzern - Schönbühl,"Langensandstr. 23, 6005 Luzern",,6005,Luzern,Aargau
M-Migros,73690,Luzern - Waldstätter,"Winkelriedstrasse 58, 6003 Luzern",,6003,Luzern,Aargau
M-Migros,73270,Luzern - Würzenbachstrasse,"Würzenbachstrasse 19, 6006 Luzern",,6006,Luzern,Aargau
MM-Migros,34420,Lyss Lyssbachpark,"Steinweg 28, 3250 Lyss",,3250,Lyss,Bern
M-Migros,44600,M-Express Pont-Rouge,"Esplanade de Pont-Rouge 2, 1212 Grand-Lancy",,1212,Grand,Genève
Migros-Partner,63122,MP La Sarraz,"Chemin des Prés-Morés 2, 1315 La Sarraz",,1315,La,Vaud
Migros-Partner,63132,MP Ouchy,"Avenue de Rhodanie 2, 1007 Lausanne",,1007,Lausanne,Vaud
M-Migros,123820,Maggia,"Via Cantonale, 6673 Maggia",,6673,Maggia,Ticino
M-Migros,73950,Malters,"Weihermatte 7a/7b, 6102 Malters",,6102,Malters,Luzern
M-Migros,84240,Marché FR,"Rue St-Pierre 2, 1700 Fribourg",,1700,Fribourg,Fribourg
MMM-Migros,84721,Marin Centre,"Rue Fleur-de-Lys 26, 2074 Marin-Epagnier",,2074,Marin,Neuchâtel
MM-Migros,83650,Marly,"Route des Pralettes 1, 1723 Marly",,1723,Marly,Fribourg
MMM-Migros,134550,Martigny - Manoir,"Rue du Manoir 1, 1920 Martigny",,1920,Martigny,Valais
M-Migros,136485,Martigny Avouillons,"Rue des Avouillons 8, 1920 Martigny",,1920,Martigny,Valais
Migros Fachmarkt,136450,Martigny Quartz Center,"Avenue de Fully 63, 1920 Martigny",,1920,Martigny,Valais
M-Migros,123720,Massagno - Radio,"Via Besso 74, 6900 Massagno",,6900,Massagno,Ticino
M-Migros,33790,Matten,"Aegertiweg 33, 3812 Wilderswil",,3812,Wilderswil,Bern
M-Migros,93830,Matzingen,"Frauenfelderstrasse 95, 9548 Matzingen",,9548,Matzingen,Thurgau
Migros-Partner,63145,Maupas,"Rue du Maupas 69, 1004 Lausanne",,1004,Lausanne,Vaud
MM-Migros,150063,Meilen,"Rosengartenstrasse 10, 8706 Meilen",,8706,Meilen,Zürich
MM-Migros,34470,Meiringen,"Bahnhofstrasse 1, 3860 Meiringen",,3860,Meiringen,Bern
M-Migros,123850,Melano,"Via Cantonale 89, 6818 Melano",,6818,Melano,Ticino
M-Migros,33380,Mellingen,"Lenzburgerstrasse 50, 5507 Mellingen",,5507,Mellingen,Aargau
MMM-Migros,90471,Mels - Pizolpark,"Grossfeldstrasse 56, 8879 Pizolpark (Mels)",,8879,Pizolpark,Zürich
M-Migros,123760,Mendrisio,"Via L. Lavizzari 2, Piazza alla Valle, 6850 Mendrisio",,6850,Mendrisio,Ticino
M-Migros,33963,Menziken,"Sagiweg 8, 5737 Menziken",,5737,Menziken,Aargau
MM-Migros,44410,Meyrin,"Avenue de Feuillasse 24, 1217 Meyrin",,1217,Meyrin,Genève
M-Migros,123650,Minusio - Centro Borenco,"Via S.Gottardo 56, 6648 Minusio",,6648,Minusio,Ticino
MM-Migros,64270,Montagny,"En Chamard, 1442 Montagny-près-Yverdon",,1442,Montagny,Vaud
MMM-Migros,134530,Monthey - M Central,"Avenue de la Gare 36, 1870 Monthey",,1870,Monthey,Valais
MM-Migros,64410,Montreux,"Place du Marché 6, 1820 Montreux",,1820,Montreux,Vaud
MM-Migros,84250,Morat,"Bernstrasse 18, 3280 Morat",,3280,Morat,Bern
MMM-Migros,124270,Morbio Inferiore - Serfontana,"Viale Serfontana 20, 6834 Morbio Inferiore",,6834,Morbio,Ticino
MM-Migros,64290,Morges,"Rue de la gare 19, 1110 Morges",,1110,Morges,Vaud
MM-Migros,64350,Moudon,"Avenue de la Grande Fin 1, 1510 Moudon",,1510,Moudon,Vaud
MM-Migros,24400,Moutier,"Rue de l'Ecluse 1, 2740 Moutier",,2740,Moutier,Bern
M-Migros,33873,Murgenthal,"Fahrackerstrasse 1, 4853 Murgenthal",,4853,Murgenthal,Aargau
MM-Migros,33934,Muri AG,"Kirchfeldstrasse 8, 5630 Muri AG",,5630,Muri,Aargau
M-Migros,23810,Muttenz - Lutzert,"Lutzertstrasse 40, 4132 Muttenz",,4132,Muttenz,Basel-Landschaft
MM-Migros,24380,Muttenz - Rothausstrasse,"Rothausstrasse 17, 4132 Muttenz",,4132,Muttenz,Basel-Landschaft
M-Migros,150197,Männedorf,"Alte Landstrasse 262, 8708 Männedorf",,8708,Männedorf,Zürich
MMM-Migros,84230,Métropole Centre MS,"Rue Daniel-Jeanrichard 23, 2300 La Chaux-de-Fonds",,2300,La,Neuchâtel
Migros-Partner,63112,Mézières,"Route de la Croix d'Or 2, 1083 Mézières VD",,1083,Mézières,Vaud
M-Migros,33163,Möhlin,"Hauptstrasse 91, 4313 Möhlin",,4313,Möhlin,Basel-Landschaft
M-Migros,90351,Müllheim,"Thurstrasse 3, 8555 Müllheim Dorf",,8555,Müllheim,Zürich
M-Migros,33730,Münchenbuchsee - Tanne,"Bernstrasse 14, 3053 Münchenbuchsee",,3053,Münchenbuchsee,Bern
MM-Migros,24580,Münchenstein - Gartenstadt,"Kaspar Pfeiffer-Strasse 2, 4142 Münchenstein",,4142,Münchenstein,Basel-Landschaft
M-Migros,90376,Münchwilen,"Wilerstrasse 5, 9542 Münchwilen",,9542,Münchwilen,Thurgau
MM-Migros,34270,Münsingen,"Bahnhofplatz 5, 3110 Münsingen",,3110,Münsingen,Bern
M-Migros,133770,Naters,"Kelchbachstrasse 16, 3904 Naters",,3904,Naters,Valais
M-Migros,33663,Neuenhof,"Zürcherstrasse 113, 5432 Neuenhof",,5432,Neuenhof,Aargau
Migros-Partner,77210,Neuenkirch,"Luzernstrasse 16, 6206 Neuenkirch",,6206,Neuenkirch,Luzern
M-Migros,94220,Neuhausen,"Im RhyTech 4, 8212 Neuhausen",,8212,Neuhausen,Zürich
M-Migros,93750,Neunkirch,"Löhningerstrasse 4, 8213 Neunkirch",,8213,Neunkirch,Zürich
M-Migros,83960,Neyruz,"Place de la Gare 10, 1740 Neyruz FR",,1740,Neyruz,Fribourg
MM-Migros,34330,Nidau,"Lyssstrasse 15, 2560 Nidau",,2560,Nidau,Bern
M-Migros,150180,Niederhasli,"Dorfstrasse 20, 8155 Niederhasli",,8155,Niederhasli,Zürich
M-Migros,150187,Niederurnen,"Ziegelbrückstrasse 21, 8867 Niederurnen",,8867,Niederurnen,Zürich
M-Migros,63645,Noville,"Route du Simplon, 1845 Noville",,1845,Noville,Vaud
M-Migros,33733,Nussbaumen - Markthof,"Schulstrasse 2, 5415 Nussbaumen b.Baden",,5415,Nussbaumen,Aargau
MMM-Migros,44470,Nyon - La Combe,"Rue de la Morâche 6, 1260 Nyon",,1260,Nyon,Vaud
Migros Fachmarkt,44320,Nyon - Porte de Nyon,"chemin de la Fontaine 1, 1260 Nyon",,1260,Nyon,Vaud
M-Migros,150330,Näfels,"Oberdorf 44, 8752 Näfels",,8752,Näfels,Zürich
M-Migros,150161,Oberengstringen,"Im Zentrum 2, 8102 Oberengstringen",,8102,Oberengstringen,Zürich
M-Migros,150021,Oberglatt,"Lägernstrasse 6, 8154 Oberglatt ZH",,8154,Oberglatt,Zürich
M-Migros,73280,Oberkirch,"Luzernstrasse 36, 6208 Oberkirch LU",,6208,Oberkirch,Luzern
M-Migros,90331,Oberriet,"Staatsstrasse 56, 9463 Oberriet SG",,9463,Oberriet,Zürich
MMM-Migros,23800,Oberwil,"Mühlemattstrasse 18, 4104 Oberwil",,4104,Oberwil,Basel-Stadt
M-Migros,33923,Oensingen,"Mühlefeldstrasse 53, 4702 Oensingen",,4702,Oensingen,Solothurn
MM-Migros,34253,Oftringen,"Zürichstrasse 2, 4665 Oftringen",,4665,Oftringen,Aargau
MM-Migros,34383,Olten - Hammer,"Solothurnerstrasse 21, 4600 Olten",,4600,Olten,Solothurn
MM-Migros,34403,Olten - Sälipark,"Louis Giroud-Strasse 20, 4600 Olten",,4600,Olten,Solothurn
MM-Migros,150154,Opfikon - Glattpark,"Thurgauerstrasse 106, 8152 Opfikon",,8152,Opfikon,Zürich
M-Migros,63930,Orbe,"Rue des Terreaux 22, 1350 Orbe",,1350,Orbe,Vaud
M-Migros,63825,Orbe Gruvatiez,"Route des Granges-Martin 22, 1350 Orbe",,1350,Orbe,Vaud
M-Migros,63810,Oron-la-Ville,"Route de Lausanne 2, 1610 Oron-la-Ville",,1610,Oron,Fribourg
MM-Migros,34430,Ostermundigen,"Bernstrasse 114, 3072 Ostermundigen",,3072,Ostermundigen,Bern
M-Migros,33720,Ostermundigen Poststrasse,"Poststr. 1, 3072 Ostermundigen 1",,3072,Ostermundigen,Bern
MM-Migros,64360,Payerne,"Rue du Temple 19, 1530 Payerne",,1530,Payerne,Vaud
MM-Migros,84260,Peseux,"Rue Jämes-Paris 4, 2034 Peseux",,2034,Peseux,Neuchâtel
M-Migros,93820,Pfungen,"Weiacherstrasse 1, 8422 Pfungen",,8422,Pfungen,Zürich
MM-Migros,150072,Pfäffikon - Seedammcenter,"Gwattstrasse 11, 8808 Pfäffikon SZ",,8808,Pfäffikon,Zürich
MM-Migros,94340,Pfäffikon ZH,"Turmstrasse 9, 8330 Pfäffikon ZH",,8330,Pfäffikon,Zürich
M-Migros,83920,Plaffeien,"Obere Matte 9, 1716 Plaffeien",,1716,Plaffeien,Fribourg
MM-Migros,44590,Plan-les-Ouates,"Route de Saint-Julien 176, 1228 Plan-les-Ouates",,1228,Plan,Genève
Migros-Partner,63162,Pontaise,"Avenue Jomini 11, 1018 Lausanne",,1018,Lausanne,Vaud
Migros-Supermarkt,90706,Popup - Openair Frauenfeld,"Allmend, 8500 Frauenfeld",Geschlossen,8500,Frauenfeld,Zürich
MM-Migros,24270,Porrentruy,"Faubourg St Germain 2, 2900 Porrentruy",,2900,Porrentruy,Jura
MM-Migros,44920,Porte de Versoix,"Chemin de l'ancien péage 1, 1290 Versoix",,1290,Versoix,Genève
M-Migros,84220,Portes-Rouges,"Avenue des Portes-Rouges 46, 2000 Neuchâtel",,2000,Neuchâtel,Neuchâtel
MM-Migros,23640,Pratteln,"Burggartenstrasse 21, 4133 Pratteln",,4133,Pratteln,Basel-Landschaft
Migros-Partner,29540,Pratteln-Gehrenacker,"Gehrenackerstrasse 7, 4133 Pratteln",,4133,Pratteln,Basel-Landschaft
M-Migros,123810,Pregassona,"Via alla Bozzoreda 39, 6963 Pregassona",,6963,Pregassona,Ticino
M-Migros,63820,Prilly,"Route de Cossonay 9, 1008 Prilly",,1008,Prilly,Vaud
M-Migros,63870,Prilly - Malley,"Chemin du Viaduc 1, 1008 Prilly",,1008,Prilly,Vaud
M-Migros,63655,Préverenges,"Chemin du Vuasset 2, 1028 Préverenges",,1028,Préverenges,Vaud
Migros-Partner,63190,Puidoux,"Chemin de Publoz 11, 1070 Puidoux",,1070,Puidoux,Vaud
MM-Migros,64600,Pully,"Chemin du Pré-de-la-Tour 3, 1009 Pully",,1009,Pully,Vaud
MM-Migros,84300,Pérolles Centre,"Boulevard de Pérolles 21 A, 1700 Fribourg",,1700,Fribourg,Fribourg
M-Migros,73920,Rain,"Gääli 6, 6026 Rain",,6026,Rain,Aargau
Migros-Partner,97300,Ramsen,"Petersburg 416, 8262 Ramsen",,8262,Ramsen,Zürich
MM-Migros,150071,Rapperswil - Sonnenhof,"Zürcherstrasse 4, 8640 Rapperswil SG",,8640,Rapperswil,Zürich
M-Migros,150188,Rapperswil - Zentrum,"Untere Bahnhofstrasse 19, 8640 Rapperswil SG",,8640,Rapperswil,Zürich
Migros-Partner,90729,Rebstein,"Staatsstrasse 128, 9445 Rebstein",,9445,Rebstein,Zürich
MMM-Migros,150060,Regensdorf - Zentrum,"Zentrum 1, 8105 Regensdorf",,8105,Regensdorf,Zürich
M-Migros,150083,Reichenburg,"Gewerbestrasse 4, 8864 Reichenburg",,8864,Reichenburg,Schwyz
M-Migros,73210,Reiden,"Hauptstrasse 52, 6260 Reiden",,6260,Reiden,Luzern
MM-Migros,24420,Reinach - Mischeli,"Niederbergstrasse 1, 4153 Reinach BL",,4153,Reinach,Basel-Landschaft
M-Migros,23850,Reinach - Zentrum,"Herrenweg 11, 4153 Reinach BL",,4153,Reinach,Basel-Landschaft
MM-Migros,34463,Reinach AG,"Sandgasse 6, 5734 Reinach AG",,5734,Reinach,Aargau
M-Migros,64280,Renens - Florissant,"Avenue de Florissant 38, 1020 Renens VD",,1020,Renens,Vaud
MM-Migros,64590,Renens - Métropole,"Rue de la Mèbre 9, 1020 Renens VD",,1020,Renens,Vaud
M-Migros,63625,Renens Quai Ouest,"Avenue d'Epenex 4c, 1020 Renens VD",,1020,Renens,Vaud
M-Migros,64325,Renens Silo,"Rue du Silo 11, 1020 Renens",,1020,Renens,Vaud
M-Migros,90326,Rheineck,"Rhyguetstrasse 2, 9424 Rheineck",,9424,Rheineck,Zürich
MM-Migros,34293,Rheinfelden,"Lindenstrasse 3, 4310 Rheinfelden",,4310,Rheinfelden,Basel-Landschaft
M-Migros,123890,Riazzino,"Via Cantonale 40, 6595 Riazzino",,6595,Riazzino,Ticino
M-Migros,150158,Richterswil,"Schützengass 4, 8805 Richterswil",,8805,Richterswil,Zürich
MM-Migros,24360,Riehen - Dorf,"Rössligasse/Webergässchen 8, 4125 Riehen",,4125,Riehen,Basel-Landschaft
Migros-Partner,29580,Riehen - Grenzacherweg,"Grenzacherweg 81, 4125 Riehen",,4125,Riehen,Basel-Landschaft
Migros-Partner,29620,Riehen - Niederholz,"Gotenstrasse 84, 4125 Riehen",,4125,Riehen,Basel-Landschaft
MM-Migros,64380,Rolle,"Av. de la Gare 17, 1180 Rolle",,1180,Rolle,Vaud
MMM-Migros,65010,Romanel-sur-Lausanne,"En Félezin, 1032 Romanel-s-Lausanne",,1032,Romanel,Vaud
MM-Migros,90443,Romanshorn - Hubzelg,"Bahnhofstrasse 54a, 8590 Romanshorn",,8590,Romanshorn,Zürich
MM-Migros,84292,Romont,"Avenue de la Gare 7, 1680 Romont FR",,1680,Romont,Fribourg
M-Migros,73290,Root,"Bahnhofstrasse 11b, 6037 Root",,6037,Root,Aargau
M-Migros,90324,Rorschach - Promenade,"Promenadenstrasse 83, 9400 Rorschach",,9400,Rorschach,Zürich
MM-Migros,90445,Rorschach - Trischliplatz,"Trischlistrasse 15, 9400 Rorschach",,9400,Rorschach,Zürich
M-Migros,33383,Rothrist,"Neue Aarburgstrasse 20, 4852 Rothrist",,4852,Rothrist,Aargau
M-Migros,73820,Rotkreuz,"Buonaserstrasse 1, 6343 Rotkreuz",,6343,Rotkreuz,Luzern
M-Migros,73710,Ruopigen Zentrum Luzern,"Ruopigenplatz, 6015 Luzern",,6015,Luzern,Aargau
M-Migros,73860,Ruswil,"Rüediswilerstrasse 79, 6017 Ruswil",,6017,Ruswil,Aargau
Migros-Partner,137215,Réchy,"Place Pranniviers 8, 3966 Réchy",,3966,Réchy,Valais
M-Migros,150147,Rümlang Hofwisencenter,"Hofwisenstrasse 40A, 8153 Rümlang",,8153,Rümlang,Zürich
M-Migros,150075,Rüschlikon Parkside,"Zürcherstrasse 4, 8803 Rüschlikon",,8803,Rüschlikon,Zürich
MM-Migros,94230,Rüti ZH,"Bandwiesstrasse 6, 8630 Rüti",,8630,Rüti,Zürich
M-Migros,133750,Saas Fee,"Hôtel du Glacier, 3906 Saas Fee",,3906,Saas,Valais
M-Migros,83790,Saignelégier,"Rue de la Gruère 23, 2350 Saignelégier",,2350,Saignelégier,Jura
M-Migros,63840,Sainte-Croix,"Rue de l'Industrie 21, 1450 Ste-Croix",,1450,Ste,Vaud
MM-Migros,90468,Samedan,"Cho d`Punt 10, 7503 Samedan",,7503,Samedan,Graubünden
MM-Migros,74290,Sarnen - Sarnen-Center,"Nelkenstrasse 5, 6060 Sarnen",,6060,Sarnen,Obwalden
M-Migros,133720,Savièse,"Centre Commercial du Stade, 1965 Savièse",,1965,Savièse,Valais
M-Migros,136475,Saxon,"Rue de Gottefrey 38, 1907 Saxon",,1907,Saxon,Valais
M-Migros,90312,Schaan,"Im Rösle 2, 9494 Schaan",,9494,Schaan,Zürich
M-Migros,93670,Schaffhausen - Breite,"Hohlenbaumstrasse 79, 8200 Schaffhausen",,8200,Schaffhausen,Zürich
M-Migros,93130,Schaffhausen - Buchthalen,"Dürstlingweg 2, 8203 Schaffhausen",,8203,Schaffhausen,Zürich
MMM-Migros,94710,Schaffhausen - Herblinger Markt,"Stüdliackerstrasse 4, 8207 Schaffhausen",,8207,Schaffhausen,Zürich
MM-Migros,94310,Schaffhausen - Vorstadt,"Bahnhofstrasse 56/58, 8200 Schaffhausen",,8200,Schaffhausen,Zürich
M-Migros,150329,Schindellegi,"Pfäffikonerstrasse 19, 8834 Schindellegi",,8834,Schindellegi,Schwyz
M-Migros,150053,Schlieren - Kesslerplatz,"Badenerstrasse 57, 8952 Schlieren",Geschlossen,8952,Schlieren,Zürich
MM-Migros,150081,Schlieren - Rietbach,"Rietbachstrasse 14, 8952 Schlieren",,8952,Schlieren,Zürich
M-Migros,150198,Schlieren - Zentrum,"Güterstrasse 5, 8952 Schlieren",,8952,Schlieren,Zürich
M-Migros,83640,Schoenberg,"Chemin Cité-des-Jardins 13A, 1700 Fribourg",,1700,Fribourg,Fribourg
M-Migros,33260,Schwarzenburg,"Freiburgstrasse 5b, 3150 Schwarzenburg",,3150,Schwarzenburg,Bern
M-Migros,33883,Schöftland,"Picardiestrasse 3, 5040 Schöftland",,5040,Schöftland,Aargau
MMM-Migros,34700,Schönbühl - Shoppyland,"Industriestrasse 10, 3321 Schönbühl EKZ",,3321,Schönbühl,Bern
M-Migros,33783,Schönenwerd,"C.F. Ballystrasse 14, 5012 Schönenwerd",,5012,Schönenwerd,Solothurn
M-Migros,73830,Schüpfheim,"Vormüli 1, 6170 Schüpfheim",,6170,Schüpfheim,Luzern
M-Migros,136480,Sembrancher,"Rue de la Chapalette 1, 1933 Sembrancher",,1933,Sembrancher,Valais
M-Migros,123860,Sementina,"via al Ticino 28, 6514 Sementina",,6514,Sementina,Ticino
M-Migros,73910,Sempach Station,"Mettenwilstrasse 11, 6203 Sempach Station",,6203,Sempach,Luzern
M-Migros,33913,Seon,"Unterdorfstrasse 21, 5703 Seon",,5703,Seon,Aargau
MM-Migros,44810,Servette,"Rue de la Servette 93, 1202 Genève",,1202,Genève,Genève
M-Migros,93720,Seuzach,"Winterthurerstrasse 5, 8472 Seuzach",,8472,Seuzach,Zürich
MM-Migros,134500,Sierre,"Avenue Général Guisan, 3960 Sierre",,3960,Sierre,Valais
Migros Fachmarkt,134510,Sierre Rossfeld,"Rte des Lacustres, 3960 Sierre",,3960,Sierre,Valais
M-Migros,133690,Sion - Le Ritz,"Avenue Ritz 31, 1950 Sion",,1950,Sion,Valais
MMM-Migros,134900,Sion - Métropole,"Avenue de France 14-20, 1950 Sion",,1950,Sion,Valais
M-Migros,133697,Sion - Tourbillon Center,"Avenue Grand-Champsec 30, 1950 Sion",,1950,Sion,Valais
M-Migros,90377,Sirnach,"Winterthurerstrasse 27, 8370 Sirnach",,8370,Sirnach,Zürich
MM-Migros,23830,Sissach,"Hauptstrasse 17, 4450 Sissach",,4450,Sissach,Basel-Landschaft
M-Migros,34373,Solothurn,"Wengistrasse 13, 4500 Solothurn",,4500,Solothurn,Solothurn
M-Migros,33853,Solothurn Baselstrasse,"Baselstrasse 30/32, 4500 Solothurn",,4500,Solothurn,Solothurn
M-Migros,33833,Solothurn Öufi,"Bielstrasse 80, 4500 Solothurn",,4500,Solothurn,Solothurn
MM-Migros,34280,Spiez - Terminus,"Bahnhofstrasse, 3700 Spiez",,3700,Spiez,Bern
MMM-Migros,34833,Spreitenbach - Tivoli,"Shoppi Tivoli, 8957 Spreitenbach",,8957,Spreitenbach,Zürich
M-Migros,83690,St-Imier,"Rue Baptiste-Savoye 62, 2610 St-Imier",,2610,St,Bern
M-Migros,133730,St-Maurice,"Av. du Simplon 15, 1890 St-Maurice",,1890,St,Vaud
M-Migros,90364,St. Gallen - Bruggen,"Fürstenlandstrasse 157, 9014 St.Gallen",,9014,St,Zürich
M-Migros,90321,St. Gallen - Lachen,"Ulmenstrasse 11, 9000 St.Gallen",,9000,St,Zürich
M-Migros,90335,St. Gallen - Langgasse,"Langgasse 20, 9008 St. Gallen",,9008,St,Zürich
M-Migros,90336,St. Gallen - Neudorf,"Rorschacherstrasse 249, 9016 St. Gallen",,9016,St,Zürich
MMM-Migros,90478,St. Gallen - Neumarkt,"St. Leonhardstrasse 35, 9000 St. Gallen",,9000,St,Zürich
M-Migros,90447,St. Gallen - Silberturm,"Rorschacherstrasse 150, 9006 St. Gallen",,9006,St,Zürich
M-Migros,90339,St. Gallen - Spisermarkt,"Brühlgasse 28, 9000 St.Gallen",,9000,St,Zürich
MM-Migros,90448,St. Gallen - St. Fiden,"Bachstrasse 29, 9008 St. Gallen",,9008,St,Zürich
MMM-Migros,90475,St. Margrethen - Rheinpark,"Neudorfstrasse 60, 9430 St. Margrethen SG",,9430,St,Zürich
Migros-Partner,137265,St. Niklaus,"Eyastrasse 1, 3924 St. Niklaus VS",,3924,St,Valais
Migros-Partner,137255,Stalden,"Zum Marktplatz, 3922 Stalden VS",,3922,Stalden,Valais
MMM-Migros,74720,Stans - Länderpark,"Bitzistrasse 2, 6370 Stans",,6370,Stans,Nidwalden
MM-Migros,83830,Ste-Thérèse,"Route de Sainte-Thérèse 2a, 1700 Fribourg",,1700,Fribourg,Fribourg
M-Migros,93740,Steckborn,"Im Feldbach 1b, 8266 Steckborn",,8266,Steckborn,Zürich
M-Migros,33690,Steffisburg,"Oberdorfstrasse 33, 3612 Steffisburg",,3612,Steffisburg,Bern
MM-Migros,34180,Steffisburg Unterdorf,"Unterdorfstrasse 10, 3612 Steffisburg",,3612,Steffisburg,Bern
M-Migros,134260,Steg,"Bahnhofstrasse, 3940 Steg",,3940,Steg,Valais
M-Migros,33673,Stein,"Schaffhauserstrasse 61, 4332 Stein AG",,4332,Stein,Basel-Landschaft
M-Migros,94300,Stein am Rhein,"Kaltenbacherstrasse 41, 8260 Stein am Rhein",,8260,Stein,Zürich
MMM-Migros,74710,Steinhausen - Zugerland,"Hinterbergstrasse 40, 6312 Steinhausen",,6312,Steinhausen,Luzern
M-Migros,73970,Steinhausen Dorf,"Bahnhofstrasse 2, 6312 Steinhausen",,6312,Steinhausen,Luzern
MM-Migros,150069,Stäfa,"Goethestrasse 18, 8712 Stäfa",,8712,Stäfa,Zürich
M-Migros,33684,Suhr Suhrepark,"Bernstrasse Ost 52, 5034 Suhr",,5034,Suhr,Aargau
M-Migros,90383,Sulgen - Passerelle,"Hauptstrasse 3, 8583 Sulgen",,8583,Sulgen,Zürich
MMM-Migros,74700,Surseepark,"Bahnhofstrasse 28, 6210 Sursee",,6210,Sursee,Luzern
Migros-Partner,137230,Susten,"Sustenstrasse 5, 3952 Susten",,3952,Susten,Valais
Migros-Partner,137203,Taesch,"Neue Kantonstrasse, 3929 Täsch",,3929,Täsch,Valais
M-Migros,83740,Tavannes,"Rue de Pierre-Pertuis 11, 2710 Tavannes",,2710,Tavannes,Bern
M-Migros,123800,Taverne,"Via Cantonale, 6807 Taverne",,6807,Taverne,Ticino
M-Migros,123770,Tenero,"Via al Giardino 4, 6598 Tenero",,6598,Tenero,Ticino
M-Migros,123690,Tesserete,"Via Luigi Canonica 40, 6950 Tesserete",,6950,Tesserete,Ticino
M-Migros,90385,Teufen,"Speicherstrasse 8, 9053 Teufen AR",,9053,Teufen,Zürich
M-Migros,90328,Thal,"Wiesentalstrasse 4, 9425 Thal",,9425,Thal,Zürich
MM-Migros,150066,Thalwil,"Alte Landstrasse 130, 8800 Thalwil",,8800,Thalwil,Zürich
M-Migros,93710,Thayngen,"Biberstrasse 30, 8240 Thayngen",,8240,Thayngen,Zürich
Migros-Partner,63200,Thierrens,"Rue du Collège 6, 1410 Thierrens",,1410,Thierrens,Vaud
MMM-Migros,49000,Thoiry (F),"CC Val Thoiry, 01710 Thoiry",,01710,Thoiry,Fribourg
MM-Migros,34250,Thun - Bälliz,"Bälliz 2, 3600 Thun",,3600,Thun,Bern
M-Migros,33680,Thun - Dürrenast,"Frutigenstrasse 60, 3604 Thun",,3604,Thun,Bern
MMM-Migros,34720,Thun - Oberland,"Talackerstrasse 62, 3604 Thun",,3604,Thun,Bern
Migros Fachmarkt,33250,Thun - Panorama Center,"Weststrasse 14, 3604 Thun",,3604,Thun,Bern
MM-Migros,90466,Thusis - im Park,"Im Park, 7430 Thusis",,7430,Thusis,Graubünden
MM-Migros,44830,Thônex,"Rue de Genève 92, 1226 Thônex",,1226,Thônex,Genève
M-Migros,83610,Tramelan,"Rue Albert-Gobat 1, 2720 Tramelan",,2720,Tramelan,Bern
M-Migros,90341,Triesen,"Landstrasse 251, 9495 Triesen",,9495,Triesen,Zürich
M-Migros,93175,Turbenthal,"Tösstalstrasse 54, 8488 Turbenthal",,8488,Turbenthal,Zürich
M-Migros,90361,Tägerwilen,"Hauptstrasse 117, 8274 Tägerwilen",,8274,Tägerwilen,Zürich
M-Migros,33330,Uetendorf,"Dorfstrasse 21, 3661 Uetendorf",,3661,Uetendorf,Bern
M-Migros,150080,Uitikon-Waldegg,"Zürcherstrasse 8, 8142 Uitikon Waldegg",,8142,Uitikon,Zürich
MM-Migros,33653,Unterentfelden,"Binzmattweg 8, 5035 Unterentfelden",,5035,Unterentfelden,Aargau
M-Migros,96531,Unterwetzikon,"Hofstrasse 47, 8620 Wetzikon ZH",,8620,Wetzikon,Zürich
M-Migros,73760,Unterägeri,"Zugerstrasse 32, 6314 Unterägeri",,6314,Unterägeri,Luzern
M-Migros,150151,Urdorf - Spitzacker,"Birmensdorferstrasse 87, 8902 Urdorf",,8902,Urdorf,Zürich
MMM-Migros,150251,Uster - Illuster,"Zürichstrasse 20, 8610 Uster",,8610,Uster,Zürich
Migros Fachmarkt,150194,Uster-West,"Winterthurerstrasse 18, 8610 Uster",,8610,Uster,Zürich
M-Migros,33350,Utzenstorf - Linde,"Hauptstrasse 29, 3427 Utzenstorf",,3427,Utzenstorf,Bern
MM-Migros,150179,Uznach - Frohsinn,"Zürcherstrasse 25, 8730 Uznach",,8730,Uznach,Zürich
MM-Migros,90450,Uzwil - Birkenhof,"Lindenstrasse 5, 9240 Uzwil",,9240,Uzwil,Zürich
Voi,37338,VOI Aarburg,"Bahnhofstrasse 59, 4663 Aarburg",,4663,Aarburg,Solothurn
Voi,37322,VOI Aarwangen,"Langenthalstrasse 44, 4912 Aarwangen",,4912,Aarwangen,Bern
Voi,77357,VOI Alpnach,"Brünigstrasse 29, 6055 Alpnach Dorf",,6055,Alpnach,Obwalden
Voi,37335,VOI Baden - Mellingerstrasse,"Mellingerstrasse 142, 5400 Baden",,5400,Baden,Aargau
Voi,49103,VOI Bellevue,"Chemin des Romelles 17, 1293 Bellevue",,1293,Bellevue,Genève
Voi,37303,VOI Bern - Fellergut,"Mühledorfstrasse 15, 3018 Bern",,3018,Bern,Bern
Voi,37306,VOI Bern - Fischermätteli,"Könizstrasse 60, 3008 Bern",,3008,Bern,Bern
Voi,37343,VOI Bern - Kramgasse,"Kramgasse 54, 3011 Bern",,3011,Bern,Bern
Voi,37311,VOI Bern - Schosshalde,"Schossshaldenstrasse 16, 3006 Bern",,3006,Bern,Bern
Voi,37325,VOI Bern - Spiegel,"Chasseralstrasse 156, 3095 Bern",,3095,Bern,Bern
Voi,37334,VOI Bern - Viktoriastrasse,"Viktoriastrasse 49, 3013 Bern",,3013,Bern,Bern
Voi,37351,VOI Bern Warmbächli,"Holligerplatz 1, 3008 Bern",,3008,Bern,Bern
Voi,77350,VOI Beromünster,"Aargauerstrasse 16, 6215 Beromünster",,6215,Beromünster,Luzern
Voi,37314,VOI Bettlach,"Dorfstrasse 12, 2544 Bettlach",,2544,Bettlach,Solothurn
Voi,37345,VOI Biel - Jardin du Paradis,"Jakob-Stämpflistrasse 112, 2502 Biel/Bienne",,2502,Biel,Bern
Voi,37319,VOI Biel - Mett,"Schollstrasse 2, 2504 Biel/Bienne",,2504,Biel,Bern
Voi,37339,VOI Boll,"Kernstrasse 9, 3067 Boll",,3067,Boll,Bern
Voi,150816,VOI Bonstetten,"Schachenstrasse 115, 8906 Bonstetten",,8906,Bonstetten,Zürich
Voi,37307,VOI Brügg,"Hauptstrasse 17, 2555 Brügg BE",,2555,Brügg,Bern
Voi,150802,VOI Buchs ZH,"Meierwiesenstrasse 20, 8107 Buchs",,8107,Buchs,Zürich
Voi,77354,VOI Büron,"Sagipark 7, 6233 Büron",,6233,Büron,Luzern
Voi,37321,VOI Dulliken,"Grundstrasse 1, 4657 Dulliken",,4657,Dulliken,Solothurn
Voi,49100,VOI Genève-Cirque,"Place du Cirque 2, 1204 Genève",,1204,Genève,Genève
Voi,150806,VOI Geroldswil,"Huebwiesenstrasse 26b, 8954 Geroldswil",,8954,Geroldswil,Zürich
Voi,49102,VOI Gland,"Rue du Borgeaud 10d, 1196 Gland",,1196,Gland,Vaud
Voi,37308,VOI Grindelwald,"Dorfstrasse 155, 3818 Grindelwald",,3818,Grindelwald,Bern
Voi,150803,VOI Horgen,"Seestrasse 288, 8810 Horgen",,8810,Horgen,Zürich
Voi,37324,VOI Ins,"Moosgasse 7, 3232 Ins",,3232,Ins,Bern
Voi,37323,VOI Jegenstorf,"Solothurnstrasse 24, 3303 Jegenstorf",,3303,Jegenstorf,Bern
Voi,37344,VOI Kappel,"Mittelgäustrasse 22, 4616 Kappel SO",,4616,Kappel,Solothurn
Voi,150813,VOI Kilchberg,"Bahnhofstrasse 3, 8802 Kilchberg ZH",,8802,Kilchberg,Zürich
Voi,37355,VOI Köniz-Neuhausplatz,"Könizstrasse 251, 3097 Liebefeld",,3097,Liebefeld,Bern
Voi,37328,VOI Lengnau,"Bielstrasse 35, 2543 Lengnau BE",,2543,Lengnau,Bern
Voi,37356,VOI Lenzburg,"Augustin Keller-Strasse 19, 5600 Lenzburg",,5600,Lenzburg,Aargau
Voi,77355,VOI Luzern Wesemlin,"Abendweg 46, 6006 Luzern",,6006,Luzern,Aargau
Voi,49101,VOI Meyrin - Les Vergers,"3, place de la Diversité, 1217 Meyrin",,1217,Meyrin,Genève
Voi,37316,VOI Niederbipp,"Wydenstrasse 9, 4704 Niederbipp",,4704,Niederbipp,Solothurn
Voi,37317,VOI Niedergösgen,"Aarestrasse 49, 5013 Niedergösgen",,5013,Niedergösgen,Solothurn
Voi,37336,VOI Niederlenz,"Lenzburgerstrasse 2, 5702 Niederlenz",,5702,Niederlenz,Aargau
Voi,37346,VOI Niederrohrdorf,"Moosstrasse 2, 5443 Niederrohrdorf",,5443,Niederrohrdorf,Aargau
Voi,37329,VOI Roggwil,"Dorfstrasse 19, 4914 Roggwil",,4914,Roggwil,Bern
Voi,37309,VOI Rombach,"Bibersteinstrasse 4, 5022 Rombach",,5022,Rombach,Aargau
Voi,150808,VOI Rümlang,"Lindenstrasse 16, 8153 Rümlang",,8153,Rümlang,Zürich
Voi,37341,VOI Safenwil,"Güterstrasse 1A, 5745 Safenwil",,5745,Safenwil,Aargau
Voi,37347,VOI Schafisheim,"Seetalstrasse 117, 5503 Schafisheim",,5503,Schafisheim,Aargau
Voi,150810,VOI Schwerzenbach,"Bahnstrasse 14, 8603 Schwerzenbach",,8603,Schwerzenbach,Zürich
Voi,37312,VOI Seengen,"Unterdorfstrasse 7a, 5707 Seengen",,5707,Seengen,Aargau
Voi,77351,VOI Sempach Stadt,"Oberstadt 6, 6204 Sempach Stadt",,6204,Sempach,Luzern
Voi,150807,VOI Siebnen,"Glarnerstrasse 36, 8854 Siebnen",,8854,Siebnen,Schwyz
Voi,77356,VOI Stans,"Marktgasse 2, 6370 Stans",,6370,Stans,Nidwalden
Voi,37337,VOI Steffisburg,"Bahnhofstrasse 87, 3613 Steffisburg",,3613,Steffisburg,Bern
Voi,37361,VOI Stettlen,"Bernstrasse 57, 3066 Stettlen",,3066,Stettlen,Bern
Voi,37302,VOI Strengelbach,"Langenthalerstrasse 1, 4802 Strengelbach",,4802,Strengelbach,Aargau
Voi,37331,VOI Studen,"Hauptstrasse 65, 2557 Studen",,2557,Studen,Bern
Voi,37318,VOI Sumiswald,"Spitalstrasse 10, 3454 Sumiswald",,3454,Sumiswald,Bern
Voi,37348,VOI Thun Bahnhof,"Panoramastrasse 1a, 3600 Thun",,3600,Thun,Bern
Voi,37304,VOI Trimbach,"Chäppeligasse 5, 4632 Trimbach",,4632,Trimbach,Solothurn
Voi,37326,VOI Unterkulm,"Böhlerstrasse 2, 5726 Unterkulm",,5726,Unterkulm,Aargau
Voi,127610,VOI Viganello,"alla Chiesa 2, 6962 Viganello",,6962,Viganello,Ticino
Voi,37313,VOI Wabern,"Seftigenstrasse 259, 3084 Wabern",,3084,Wabern,Bern
Voi,150815,VOI Wallisellen,"Schäfligrabenstrasse 45, 8304 Wallisellen",,8304,Wallisellen,Zürich
Voi,37315,VOI Wangen a. Aare,"Vorstadt 14, 3380 Wangen an der Aare",,3380,Wangen,Bern
Voi,37333,VOI Wichtrach,"Dorfplatz 1, 3114 Wichtrach",,3114,Wichtrach,Bern
Voi,37332,VOI Wilderswil,"Hauptstrasse 27, 3812 Wilderswil",,3812,Wilderswil,Bern
Voi,37342,VOI Zollbrück,"Langnaustr. 16, 3436 Zollbrück",,3436,Zollbrück,Bern
Voi,150801,VOI Zürich - Grünau,"Grünauring 37, 8064 Zürich",,8064,Zürich,Zürich
Voi,150812,VOI Zürich - Hönggerstrasse,"Hönggerstrasse 117, 8037 Zürich",,8037,Zürich,Zürich
Voi,150804,VOI Zürich - In der Ey,"Letzigraben 239, 8047 Zürich",,8047,Zürich,Zürich
Voi,150809,VOI Zürich - Leimbach,"Ankenweid 10, 8041 Zürich",,8041,Zürich,Zürich
Voi,150805,VOI Zürich - Paradies,"Paradiesstrasse 3, 8038 Zürich",,8038,Zürich,Zürich
M-Migros,63740,Vallorbe,"Grand-Rue 23, 1337 Vallorbe",,1337,Vallorbe,Vaud
M-Migros,134240,Verbier,"Les Arcades, 1936 Verbier",,1936,Verbier,Valais
M-Migros,44860,Vernier - Arcenter,"Route de Peney 2-4, 1214 Vernier",,1214,Vernier,Genève
MM-Migros,64420,Vevey - Midi Coindet,"Av. Gustave Coindet 11, 1800 Vevey",,1800,Vevey,Vaud
M-Migros,63635,Vevey Des 2 Gares,"Rue des Moulins 5 b, 1800 Vevey","Geschlossen, geöffnet ab 28.03.",1800,Vevey,Vaud
M-Migros,33613,Villmergen,"Schulhausstrasse 2, 5612 Villmergen",,5612,Villmergen,Aargau
Migros-Partner,137200,Vionnaz,"Route du Léman 33, 1895 Vionnaz",,1895,Vionnaz,Valais
MM-Migros,134480,Visp,"Brückenweg 10, 3930 Visp",,3930,Visp,Valais
MM-Migros,150061,Volketswil,"Im Zentrum 18, 8604 Volketswil",,8604,Volketswil,Zürich
Migros-Partner,137201,Vétroz,"Rue de la Lizerne 7, 1963 Vétroz",,1963,Vétroz,Valais
MM-Migros,34350,Wabern - Chly Wabere,"Seftigenstrasse 368, 3084 Wabern",,3084,Wabern,Bern
M-Migros,93770,Wald ZH,"Bahnhofstrasse 20, 8636 Wald ZH",,8636,Wald,Zürich
M-Migros,90337,Walenstadt,"Bahnhofstrasse 27, 8880 Walenstadt",,8880,Walenstadt,Zürich
M-Migros,150163,Wallisellen,"Bahnhofstrasse 30, 8304 Wallisellen",,8304,Wallisellen,Zürich
MMM-Migros,150670,Wallisellen - Glattzentrum,"Neue Winterthurerstrasse 99, 8304 Wallisellen",,8304,Wallisellen,Zürich
MM-Migros,90452,Wattwil,"Bahnhofstrasse 19, 9630 Wattwil",,9630,Wattwil,St. Gallen
Migros-Partner,77290,Weggis,"Luzernerstrasse 44, 6353 Weggis",,6353,Weggis,Luzern
M-Migros,73170,Weinbergli Luzern,"Tribschenstrasse 62, 6005 Luzern",,6005,Luzern,Aargau
MM-Migros,90455,Weinfelden - Rösslifelsen,"Amriswilerstrasse 12, 8570 Weinfelden",,8570,Weinfelden,Zürich
M-Migros,90387,Weinfelden Weststrasse,"Weststrasse 27/29, 8570 Weinfelden",,8570,Weinfelden,Zürich
MM-Migros,34323,Wettingen - Landstrasse,"Landstrasse 69, 5430 Wettingen",,5430,Wettingen,Aargau
MMM-Migros,94720,Wetzikon - Züri-Oberland-Märt,"Bahnhofstrasse 151, 8620 Wetzikon",,8620,Wetzikon,Zürich
MM-Migros,90458,Widnau - Rhydorf-Center,"Bahnhofstrasse 2, 9443 Widnau",,9443,Widnau,Zürich
MM-Migros,90461,Wil SG,"Obere Bahnhofstrasse 5, 9500 Wil SG",,9500,Wil,Zürich
M-Migros,33793,Wildegg,"Bruggerstrasse 11 c, 5103 Wildegg",,5103,Wildegg,Aargau
M-Migros,73780,Willisau - Chrüzhof,"Ettiswilerstrasse 14, 6130 Willisau",,6130,Willisau,Luzern
M-Migros,33703,Windisch,"Bachmattstrasse 35, 5210 Windisch",,5210,Windisch,Aargau
M-Migros,93610,Winterthur - Blumenau,"Wülflingerstrasse 71, 8400 Winterthur",,8400,Winterthur,Zürich
M-Migros,93810,Winterthur - Deutweg,"Pflanzschulstrasse 9, 8400 Winterthur",,8400,Winterthur,Zürich
M-Migros,93680,Winterthur - Hegi,"Hintermühlenstrasse 4, 8409 Winterthur",,8409,Winterthur,Zürich
MMM-Migros,94730,Winterthur - Neuwiesen,"Strickerstrasse 3, 8400 Winterthur",,8400,Winterthur,Zürich
M-Migros,93120,Winterthur - Obertor,"Stadthausstrasse 31, 8400 Winterthur",,8400,Winterthur,Zürich
MM-Migros,94250,Winterthur - Oberwinterthur,"Guggenbühlstrasse 1, 8404 Winterthur",,8404,Winterthur,Zürich
MM-Migros,94740,Winterthur - Rosenberg,"Schaffhauserstrasse 154, 8400 Winterthur",,8400,Winterthur,Zürich
MM-Migros,94270,Winterthur - Seen,"Hinterdorfstrasse 40, 8405 Winterthur",,8405,Winterthur,Zürich
M-Migros,94260,Winterthur - Töss,"Zürcherstrasse 102, 8406 Winterthur",,8406,Winterthur,Zürich
M-Migros,93690,Winterthur - Wülflingen,"Lindenplatz 1, 8408 Winterthur",,8408,Winterthur,Zürich
MM-Migros,90390,Wittenbach,"Oedenhof 1c, 9300 Wittenbach",,9300,Wittenbach,Zürich
MM-Migros,34333,Wohlen,"Bahnhofstrasse 7, 5610 Wohlen AG",,5610,Wohlen,Aargau
MM-Migros,74320,Wolhusen - Dorfmärt,"Entlebucherstr. 36, 6110 Wolhusen",,6110,Wolhusen,Luzern
M-Migros,150050,Wollerau Märt Roospark,"Roosstrasse 23, 8832 Wollerau",,8832,Wollerau,Schwyz
MM-Migros,34340,Worb,"Richigenstrasse 1, 3076 Worb",,3076,Worb,Bern
M-Migros,73300,Wylpark Hergiswil,"Seestrasse 43, 6052 Hergiswil NW",,6052,Hergiswil,Nidwalden
MMM-Migros,150252,Wädenswil,"Oberdorfstrasse 27-31, 8820 Wädenswil",,8820,Wädenswil,Zürich
Migros Fachmarkt,150165,Wädenswil Zürisee Center,"Rütistrasse 1, 8820 Wädenswil",,8820,Wädenswil,Zürich
MMM-Migros,64950,Yverdon - Métropole,"Rue de Neuchâtel 3, 1400 Yverdon-les-Bains",,1400,Yverdon,Vaud
M-Migros,63750,Yverdon Sud,"Rue de Lausanne 10, 1400 Yverdon-les-Bains",,1400,Yverdon,Vaud
Migros-Partner,63100,Yvonand,"Rue des Vergers, 1462 Yvonand",,1462,Yvonand,Vaud
M-Migros,73810,Zell,"Zelgmatte 2, 6144 Zell LU",,6144,Zell,Luzern
MM-Migros,134220,Zermatt,"Hofmattstrasse 12, 3920 Zermatt",,3920,Zermatt,Valais
MM-Migros,34363,Zofingen,"Aarburgerstrasse 5, 4800 Zofingen",,4800,Zofingen,Aargau
M-Migros,33200,Zollikofen,"Bernstrasse 103, 3052 Zollikofen",,3052,Zollikofen,Bern
M-Migros,150177,Zollikon - Dorf,"Rotfluhstrasse 100, 8702 Zollikon",,8702,Zollikon,Zürich
Migros-Partner,29550,Zollweiden,"Baselstrasse 71, 4142 Münchenstein",,4142,Münchenstein,Basel-Landschaft
M-Migros,33863,Zuchwil,"Hauptstrasse 60-62, 4528 Zuchwil",,4528,Zuchwil,Solothurn
M-Migros,73190,Zug - Grabenstrasse,"Grabenstrasse 5, 6300 Zug",,6300,Zug,Luzern
MM-Migros,74330,Zug - Metalli,"Baarerstrasse 22, 6300 Zug",,6300,Zug,Luzern
M-Migros,73120,Zug Herti,"Hertizentrum 10, 6300 Zug",,6300,Zug,Luzern
MM-Migros,150190,Zumikon,"Dorfstrasse 17, 8126 Zumikon",,8126,Zumikon,Zürich
M-Migros,90391,Zuzwil,"Herbergstrasse 17, 9524 Zuzwil SG",,9524,Zuzwil,St. Gallen
M-Migros,34411,Zweisimmen,"Thunstrasse 11, 3770 Zweisimmen",,3770,Zweisimmen,Bern
MM-Migros,150015,Zürich - Affoltern,"Jonas-Furrer-Strasse 21, 8046 Zürich",,8046,Zürich,Zürich
MM-Migros,150193,Zürich - Airport,"Flughafen Zürich AG, 8058 Zürich - Flughafen",,8058,Zürich,Zürich
M-Migros,150327,Zürich - Albisriederplatz,"Badenerstrasse 376, 8004 Zürich",,8004,Zürich,Zürich
Voi,150814,Zürich - Albisriederstrasse,"Albisriederstrasse 253, 8047 Zürich",,8047,Zürich,Zürich
M-Migros,150360,Zürich - Altstetten M-Express,"Hohlstrasse 600, 8048 Zürich",,8048,Zürich,Zürich
MMM-Migros,150201,Zürich - Altstetten Neumarkt,"Altstetterstrasse 145, 8048 Zürich",,8048,Zürich,Zürich
M-Migros,150303,Zürich - Bahnhof Enge,"Tessinerplatz 10, 8002 Zürich",,8002,Zürich,Zürich
MM-Migros,150665,Zürich - Brunaupark,"Giesshübelstrasse 65, 8045 Zürich",,8045,Zürich,Zürich
M-Migros,150117,Zürich - Burgwies,"Forchstrasse 260, 8008 Zürich",,8008,Zürich,Zürich
MMM-Migros,150202,Zürich - City,"Löwenstrasse 31-35, 8001 Zürich",,8001,Zürich,Zürich
M-Migros,150361,Zürich - HB Sihlquai,"Sihlpassage, 8004 Zürich",,8004,Zürich,Zürich
M-Migros,150184,Zürich - Hauptbahnhof,"Hauptbahnhof, 8001 Zürich",,8001,Zürich,Zürich
Migros,150013,Zürich - Herdern,"Pfingstweidstrasse 101, 8005 Zürich",,8005,Zürich,Zürich
M-Migros,150077,Zürich - Höngg,"Regensdorferstrasse 20, 8049 Zürich",,8049,Zürich,Zürich
M-Migros,150116,Zürich - Höschgasse,"Seefeldstrasse 111-113, 8008 Zürich",,8008,Zürich,Zürich
MM-Migros,150009,Zürich - Kreuzplatz,"Kreuzplatz 20, 8008 Zürich",,8008,Zürich,Zürich
M-Migros,150183,Zürich - Leimbach Sihlbogen,"Leimbachstrasse 23, 8041 Zürich",,8041,Zürich,Zürich
MMM-Migros,150018,Zürich - Limmatplatz,"Limmatstrasse 152, 8005 Zürich",,8005,Zürich,Zürich
MM-Migros,150017,Zürich - Oerlikon Neumarkt,"Hofwiesenstrasse 350-354, 8050 Zürich",,8050,Zürich,Zürich
M-Migros,150132,Zürich - Puls 5 M-Express,"Hardturmstrasse 11, 8005 Zürich",,8005,Zürich,Zürich
M-Migros,150122,Zürich - Pünt,"Albisriederstrasse 365, 8047 Zürich",,8047,Zürich,Zürich
M-Migros,150115,Zürich - Rigiplatz,"Winterthurerstrasse 2-4, 8006 Zürich",,8006,Zürich,Zürich
M-Migros,150312,Zürich - Schaffhauserplatz,"Schaffhauserstrasse 75, 8057 Zürich",,8057,Zürich,Zürich
M-Migros,150120,Zürich - Schmiede Wiedikon,"Birmensdorferstrasse 140, 8003 Zürich",,8003,Zürich,Zürich
M-Migros,150014,Zürich - Schwamendingen,"Winterthurerstrasse 524, 8051 Zürich",,8051,Zürich,Zürich
MM-Migros,150020,Zürich - Seebach,"Schaffhauserstrasse 470, 8052 Zürich",,8052,Zürich,Zürich
M-Migros,150140,Zürich - ShopVilleMärt,"Shop Ville, 8001 Zürich",,8001,Zürich,Zürich
M-Migros,150007,Zürich - Stadelhofen,"Falkenstrasse 19 - 21, 8008 Zürich",,8008,Zürich,Zürich
M-Migros,150131,Zürich - Stockerstrasse M-Express,"Stockerstrasse 47, 8002 Zürich",,8002,Zürich,Zürich
M-Migros,150319,Zürich - Toblerplatz,"Toblerstrasse 73, 8044 Zürich",,8044,Zürich,Zürich
M-Migros,150010,Zürich - Wengihof,"Wengistrasse 7, 8004 Zürich",,8004,Zürich,Zürich
MM-Migros,150016,Zürich - Wiedikon M-Märt,"Birmensdorferstrasse 320, 8055 Zürich",,8055,Zürich,Zürich
M-Migros,150326,Zürich - Wipkingen,"Scheffelstrasse 3, 8037 Zürich",,8037,Zürich,Zürich
MM-Migros,150011,Zürich - Witikon-Zentrum,"Witikonerstrasse 293, 8053 Zürich",,8053,Zürich,Zürich
MM-Migros,150008,Zürich - Wollishofen,"Etzelstrasse 3, 8038 Zürich",,8038,Zürich,Zürich
Migros-Supermarkt,93020,teo Bürglen,"Weinfelderstrasse 33a, 8575 Bürglen",,8575,Bürglen,Zürich
Migros-Supermarkt,150261,teo Dietlikon,"Brunnenwiesenstrasse 22, 8305 Dietlikon",,8305,Dietlikon,Zürich
Migros-Supermarkt,150260,teo Kloten,"Lindenstrasse 18, 8302 Kloten",,8302,Kloten,Zürich
Migros-Supermarkt,93010,teo Neuhegi,"Sulzerallee 54, 8404 Winterthur",,8404,Winterthur,Zürich
